ZIP,Year,Actual_Premium,Predicted_Premium,Absolute_Error,Pct_Error
90001,2021,2920091,3.0809898e+06,160898.75,5.510059446777515
90002,2021,2997307,3.1519735e+06,154666.5,5.160182123486183
90003,2021,4112042,4.205241e+06,93199.0,2.266489495973047
90004,2021,6329156,6.900028e+06,570872.0,9.01971763691715
90005,2021,2256171,2.3045268e+06,48355.75,2.14326617973549
90006,2021,1873273,1.8780171e+06,4744.125,0.2532532631389018
90007,2021,1772890,1.8953414e+06,122451.375,6.906879445425266
90008,2021,4056489,4.084109e+06,27620.0,0.6808843805566834
90010,2021,284969,312275.47,27306.46875,9.582259386108664
90011,2021,5028225,4.994906e+06,33319.0,0.662639400583705
90012,2021,1167297,1.2265372e+06,59240.25,5.074993767652963
90013,2021,619441,678155.94,58714.9375,9.478697325491854
90014,2021,395720,407262.88,11542.875,2.916929899929243
90015,2021,1585960,1.7914436e+06,205483.625,12.956419140457514
90016,2021,4611492,4.645825e+06,34333.0,0.7445095860515425
90017,2021,778139,884880.6,106741.625,13.717552391025253
90018,2021,4236611,4.1877512e+06,48859.75,1.1532743978618758
90019,2021,7065453,6.941062e+06,124391.0,1.7605523665644651
90020,2021,2849606,2.9318115e+06,82205.5,2.8848023200400337
90021,2021,145788,130643.02,15144.9765625,10.388356080404423
90022,2021,3239625,3.1483242e+06,91300.75,2.8182505691245128
90023,2021,1980048,1.9664628e+06,13585.25,0.686107104474235
90024,2021,9522368,8.47121e+06,1051158.0,11.03882983728417
90025,2021,4757834,4.700085e+06,57749.0,1.2137666005161172
90026,2021,6638904,6.77476e+06,135856.0,2.0463618693687997
90027,2021,8520369,8.223355e+06,297014.0,3.485928837119613
90028,2021,1414087,1.4934474e+06,79360.375,5.612128178817851
90029,2021,1630424,1.8600958e+06,229671.75,14.08662715956095
90031,2021,2694989,2.8768408e+06,181851.75,6.747773367535082
90032,2021,3722228,3.6897825e+06,32445.5,0.8716687962156
90033,2021,1803531,1.8473646e+06,43833.625,2.430433688137326
90034,2021,5092690,4.8654955e+06,227194.5,4.461188487812924
90035,2021,5526485,5.093286e+06,433199.0,7.838599037181862
90036,2021,6102320,5.964088e+06,138232.0,2.2652368279605133
90037,2021,3475387,3.521494e+06,46107.0,1.3266723964841902
90038,2021,1549960,1.5546334e+06,4673.375,0.3015158455702083
90039,2021,5314646,5.0989115e+06,215734.5,4.059244961941022
90040,2021,749637,780762.44,31125.4375,4.152067934213493
90041,2021,4277275,4.4695525e+06,192277.5,4.495327048179039
90042,2021,6263387,6.1401605e+06,123226.5,1.9674099652472374
90043,2021,6084566,6.3517685e+06,267202.5,4.391480016816319
90044,2021,6091511,6.2455135e+06,154002.5,2.52814941974167
90045,2021,6647514,6.5544415e+06,93072.5,1.400109875661789
90046,2021,17496189,1.7325882e+07,170307.0,0.9733948347265795
90047,2021,5833369,5.9664765e+06,133107.5,2.2818289053889784
90048,2021,5375846,4.8935005e+06,482345.5,8.97245754435674
90049,2021,28382316,3.2035818e+07,3653502.0,12.872459033998492
90056,2021,2328045,2.716337e+06,388292.0,16.67888722082262
90057,2021,500118,547736.2,47618.1875,9.521390451853362
90058,2021,59318,53531.117,5786.8828125,9.755694414005866
90059,2021,2696932,2.8442365e+06,147304.5,5.461928591451323
90061,2021,1847369,1.9481472e+06,100778.25,5.455231196366292
90062,2021,3077485,3.1897232e+06,112238.25,3.6470770775487127
90063,2021,3057419,3.168204e+06,110785.0,3.623481112663982
90064,2021,6897406,7.16338e+06,265974.0,3.8561453392768237
90065,2021,6971503,7.2202705e+06,248767.5,3.568348173987733
90066,2021,8271011,8.2321405e+06,38870.5,0.46996068558003373
90067,2021,1685288,1.6110102e+06,74277.75,4.407421758180204
90068,2021,15192175,1.6901874e+07,1709699.0,11.253813229507955
90069,2021,11948191,1.0006448e+07,1941743.0,16.25135553993069
90077,2021,18992616,1.5563586e+07,3429030.0,18.054542881296605
90094,2021,1365567,1.4728071e+06,107240.125,7.853157333181016
90201,2021,3818358,4.0263728e+06,208014.75,5.447753982209107
90210,2021,44387779,3.6567572e+07,7820207.0,17.617928123864903
90211,2021,2125199,2.2743132e+06,149114.25,7.016484103371025
90212,2021,3043950,3.0676258e+06,23675.75,0.7777969414740715
90220,2021,4496335,4.335625e+06,160710.0,3.5742443567928097
90221,2021,3542659,3.5459395e+06,3280.5,0.09259993694002161
90222,2021,2284211,2.53754e+06,253329.0,11.090437792305528
90230,2021,4133633,4.3426395e+06,209006.5,5.05624229340147
90232,2021,2443756,2.7445538e+06,300797.75,12.308829113872251
90240,2021,3368545,3.3167368e+06,51808.25,1.5380008282507729
90241,2021,4149215,4.293573e+06,144358.0,3.479164131046475
90242,2021,3342381,3.4178038e+06,75422.75,2.2565575259074295
90245,2021,2594493,2.6876878e+06,93194.75,3.592021639680662
90247,2021,3151463,3.1925805e+06,41117.5,1.3047114943123241
90248,2021,1068754,1.0841728e+06,15418.75,1.4426846589580016
90249,2021,2499243,2.711206e+06,211963.0,8.481088073468648
90250,2021,6457541,6.6108805e+06,153339.5,2.374580354967936
90254,2021,5219642,4.8334925e+06,386149.5,7.398007372919444
90255,2021,3363045,3.403587e+06,40542.0,1.2055146452099212
90260,2021,2701969,2.8998812e+06,197912.25,7.324741697628655
90262,2021,3698057,3.8673518e+06,169294.75,4.577937819779414
90265,2021,118086710,5.6130024e+07,61956686.0,52.46711166735021
90266,2021,13336639,1.1735804e+07,1600835.0,12.003286585173372
90270,2021,1195801,1.3343251e+06,138524.125,11.584212172426684
90272,2021,23275906,3.0853846e+07,7577940.0,32.557014107205966
90274,2021,12368213,9.689824e+06,2678389.0,21.655424271881476
90275,2021,11878662,1.0697391e+07,1181271.0,9.944478595316543
90277,2021,6520175,6.397655e+06,122520.0,1.8790906685786808
90278,2021,6281836,6.515575e+06,233739.0,3.7208707772695755
90280,2021,5637082,5.396191e+06,240891.0,4.273327938106985
90290,2021,6522625,6.5496905e+06,27065.5,0.4149479695674671
90291,2021,6654233,6.96001e+06,305777.0,4.595225324992377
90292,2021,4239777,4.364716e+06,124939.0,2.946829514854201
90293,2021,2557877,2.859268e+06,301391.0,11.782857424340577
90301,2021,2008102,1.9808914e+06,27210.625,1.3550419749594393
90302,2021,2009630,1.9338999e+06,75730.125,3.7683615889492095
90303,2021,1889765,1.8582448e+06,31520.25,1.6679454852852074
90304,2021,1513240,1.5012552e+06,11984.75,0.7919926779625176
90305,2021,2439316,2.6666838e+06,227367.75,9.320963335623594
90401,2021,563720,744797.1,181077.125,32.121820229901374
90402,2021,9404750,8.422252e+06,982498.0,10.446827401047344
90403,2021,3642170,3.646017e+06,3847.0,0.10562384512529618
90404,2021,1764379,1.8460242e+06,81645.25,4.627421319342386
90405,2021,4995450,4.873329e+06,122121.0,2.4446446266102155
90501,2021,4124159,4.2575485e+06,133389.5,3.234344262672705
90502,2021,1723501,1.7497312e+06,26230.25,1.5219167264770952
90503,2021,4751522,4.7002945e+06,51227.5,1.078128229228445
90504,2021,3381462,3.431554e+06,50092.0,1.481371075588015
90505,2021,5172316,4.8232995e+06,349016.5,6.747779911358857
90601,2021,5390915,5.033356e+06,357559.0,6.63262173490029
90602,2021,2772922,2.9511918e+06,178269.75,6.428949317723326
90603,2021,3550973,3.4606158e+06,90357.25,2.544577218694707
90604,2021,4508648,4.536471e+06,27823.0,0.6171029541450119
90605,2021,5163907,4.902365e+06,261542.0,5.064808487062219
90606,2021,3139856,3.1762582e+06,36402.25,1.1593604929652825
90620,2021,5354828,5.0003245e+06,354503.5,6.620259324856
90621,2021,2693259,2.9030888e+06,209829.75,7.7909235613804695
90623,2021,2304432,2.6751658e+06,370733.75,16.08785809257986
90630,2021,6228662,6.3298625e+06,101200.5,1.624755043699594
90631,2021,10480437,8.964126e+06,1516311.0,14.468013118155282
90638,2021,6751313,6.8815545e+06,130241.5,1.9291284524950925
90640,2021,4822556,4.8400055e+06,17449.5,0.3618309460792161
90650,2021,8675585,8.947438e+06,271853.0,3.1335408505593567
90660,2021,5674011,5.3146535e+06,359357.5,6.333394489365636
90670,2021,1602612,1.7173421e+06,114730.125,7.15894583342693
90680,2021,1925715,1.914017e+06,11698.0,0.6074626826918833
90701,2021,1619208,1.7494525e+06,130244.5,8.04371643420734
90703,2021,7137843,6.982217e+06,155626.0,2.1802945231493602
90704,2021,914344,891842.94,22501.0625,2.460896828764666
90706,2021,5484334,5.108782e+06,375552.0,6.847722986966148
90710,2021,2748717,2.850976e+06,102259.0,3.7202447541889545
90712,2021,3960126,4.132584e+06,172458.0,4.354861436227029
90713,2021,3742775,3.8047015e+06,61926.5,1.6545611210933064
90715,2021,1592234,1.6847072e+06,92473.25,5.807767576876263
90716,2021,753495,731819.0,21676.0,2.8767277818698203
90717,2021,2460299,2.6209645e+06,160665.5,6.530324159787083
90720,2021,3802675,3.650137e+06,152538.0,4.01133412663454
90723,2021,2731233,2.9363235e+06,205090.5,7.509081063387854
90731,2021,5687102,5.204207e+06,482895.0,8.491055725745731
90732,2021,3375968,3.443141e+06,67173.0,1.9897404240798489
90740,2021,4122562,4.1884655e+06,65903.5,1.5986054303125095
90742,2021,392316,423523.44,31207.4375,7.954668557999164
90743,2021,164640,213971.9,49331.90625,29.96349990889213
90744,2021,3637264,3.4642082e+06,173055.75,4.757855080082172
90745,2021,5219622,5.084719e+06,134903.0,2.5845358150456104
90746,2021,4706174,4.7412755e+06,35101.5,0.7458606502861985
90755,2021,1315685,1.4133649e+06,97679.875,7.424259986242908
90802,2021,2702515,3.0872768e+06,384761.75,14.237173521701083
90803,2021,6437328,6.302806e+06,134522.0,2.089717969940323
90804,2021,2386197,2.6374205e+06,251223.5,10.52819612127582
90805,2021,6207346,6.3447605e+06,137414.5,2.21373997840623
90806,2021,2980457,3.127869e+06,147412.0,4.94595291930063
90807,2021,4622995,4.570515e+06,52480.0,1.1351948249998107
90808,2021,6057168,5.663231e+06,393937.0,6.503649890509888
90810,2021,3128327,3.2232e+06,94873.0,3.0327072585442636
90813,2021,2098070,2.1224215e+06,24351.5,1.1606619416892667
90814,2021,2537481,2.7403158e+06,202834.75,7.993547537892895
90815,2021,5941174,5.6368525e+06,304321.5,5.122245199349488
91001,2021,10189168,1.0470054e+07,280886.0,2.7567118335864125
91006,2021,7639080,7.36273e+06,276350.0,3.617582221942957
91007,2021,5691042,5.052953e+06,638089.0,11.2121646615857
91008,2021,1117165,994537.44,122627.5625,10.976674215536649
91010,2021,3119852,3.1776052e+06,57753.25,1.8511535162565405
91011,2021,11168298,9.537556e+06,1630742.0,14.601526571013776
91016,2021,6582963,6.7333465e+06,150383.5,2.2844348358026623
91020,2021,839156,797091.7,42064.3125,5.012692812778554
91024,2021,3676848,3.459326e+06,217522.0,5.915991088018869
91030,2021,4565736,4.577691e+06,11955.0,0.2618416833561993
91040,2021,5700816,5.118505e+06,582311.0,10.214520166937504
91042,2021,5652514,5.0799995e+06,572514.5,10.128493268658865
91101,2021,1312613,1.414709e+06,102096.0,7.778073202078602
91103,2021,4459793,4.8855215e+06,425728.5,9.545925113564687
91104,2021,5517969,5.117554e+06,400415.0,7.256564870154218
91105,2021,4807004,4.788899e+06,18105.0,0.37663792249808825
91106,2021,4063712,4.1937125e+06,130000.5,3.199057905678355
91107,2021,7954259,7.501262e+06,452997.0,5.695024514539947
91108,2021,5056605,4.7824975e+06,274107.5,5.4207813345119895
91201,2021,2783254,2.94252e+06,159266.0,5.722294839062479
91202,2021,4110800,4.1308355e+06,20035.5,0.4873868833317116
91203,2021,891941,1.0629346e+06,170993.625,19.17095693549237
91204,2021,679071,778442.2,99371.1875,14.633401735606439
91205,2021,2078985,2.177169e+06,98184.0,4.722689196891753
91206,2021,6440173,6.693672e+06,253499.0,3.9362141358624996
91207,2021,3762661,3.4482478e+06,314413.25,8.356140773776856
91208,2021,6182095,5.8117675e+06,370327.5,5.990323668594546
91210,2021,51875,73656.26,21781.2578125,41.98796686746988
91214,2021,6913478,6.5757755e+06,337702.5,4.884697687618302
91301,2021,10766470,9.960205e+06,806265.0,7.488666201642692
91302,2021,20440233,1.6396077e+07,4044156.0,19.785273484896184
91303,2021,1798485,1.9660875e+06,167602.5,9.31909357042177
91304,2021,8663025,8.228141e+06,434884.0,5.020001673780232
91306,2021,6169729,6.4595205e+06,289791.5,4.696989122212662
91307,2021,8597488,7.688568e+06,908920.0,10.571925194894137
91311,2021,20755928,1.3860859e+07,6895069.0,33.21975774824426
91316,2021,9243251,8.396205e+06,847046.0,9.163940263009195
91320,2021,12534552,1.0811429e+07,1723123.0,13.746985133573183
91321,2021,5905799,5.1514955e+06,754303.5,12.772251476895843
91324,2021,4895324,4.854677e+06,40647.0,0.8303229776006655
91325,2021,6306512,6.5284895e+06,221977.5,3.519814122291371
91326,2021,14193751,1.3983442e+07,210309.0,1.481701348713247
91331,2021,7350268,7.5167575e+06,166489.5,2.2650806746094156
91335,2021,8679538,8.3693205e+06,310217.5,3.5741245674596964
91340,2021,2891640,3.106401e+06,214761.0,7.426961862472507
91342,2021,12092955,1.0572113e+07,1520842.0,12.576264444877202
91343,2021,7073254,7.082246e+06,8992.0,0.12712677927301919
91344,2021,13117235,1.3125793e+07,8558.0,0.06524240817519851
91345,2021,2527942,2.725475e+06,197533.0,7.813984656293538
91350,2021,10587397,9.777113e+06,810284.0,7.653288150052369
91351,2021,6113585,5.7364605e+06,377124.5,6.168631007829285
91352,2021,5475342,5.002004e+06,473338.0,8.644902912000749
91354,2021,7817616,7.0315375e+06,786078.5,10.055220159189195
91355,2021,5931982,5.454657e+06,477325.0,8.046636014741784
91356,2021,12418620,1.0648839e+07,1769781.0,14.251027891987999
91360,2021,9321044,8.4349e+06,886144.0,9.506917894604939
91361,2021,10858602,9.615169e+06,1243433.0,11.451133396361705
91362,2021,26600834,1.8325046e+07,8275788.0,31.111009526994533
91364,2021,11884826,1.0366417e+07,1518409.0,12.776030545167426
91367,2021,10147115,9.270336e+06,876779.0,8.640672742942206
91377,2021,4793564,4.635178e+06,158386.0,3.3041386325498108
91381,2021,6464377,6.30025e+06,164127.0,2.5389453616334565
91384,2021,12986854,9.13721e+06,3849644.0,29.642621684974667
91387,2021,10614796,9.810551e+06,804245.0,7.5766411337533
91390,2021,16164856,1.1190566e+07,4974290.0,30.772250615780305
91401,2021,5559961,4.9935655e+06,566395.5,10.187040880322721
91402,2021,3817921,3.6264668e+06,191454.25,5.014620522530456
91403,2021,8504329,7.827488e+06,676841.0,7.958781933295383
91405,2021,3760247,3.5284825e+06,231764.5,6.163544575662184
91406,2021,5995942,5.6195035e+06,376438.5,6.27822117025148
91411,2021,2164664,2.1902935e+06,25629.5,1.183994375108562
91423,2021,10247286,9.643169e+06,604117.0,5.895385373258832
91436,2021,11117903,9.003548e+06,2114355.0,19.01757012990669
91501,2021,3477009,3.7159648e+06,238955.75,6.8724512936262165
91502,2021,460353,562239.8,101886.8125,22.132322913068883
91504,2021,4833159,4.7665415e+06,66617.5,1.37834281884788
91505,2021,5216311,5.0577365e+06,158574.5,3.039974035290457
91506,2021,3218987,3.2297768e+06,10789.75,0.33519085352006706
91601,2021,3307239,3.2012402e+06,105998.75,3.20505261337327
91602,2021,3971458,3.927809e+06,43649.0,1.0990673953998757
91604,2021,12629290,1.3102248e+07,472958.0,3.7449294457566498
91605,2021,4617468,4.6081255e+06,9342.5,0.2023295017962225
91606,2021,3882104,3.898819e+06,16715.0,0.43056548716881365
91607,2021,4615405,4.395385e+06,220020.0,4.767078945401324
91701,2021,8092800,7.4871465e+06,605653.5,7.483856020166074
91702,2021,5676990,5.3445935e+06,332396.5,5.855153875557294
91706,2021,5488891,5.2589515e+06,229939.5,4.18917956286616
91708,2021,1810532,1.8261506e+06,15618.625,0.8626539050400654
91709,2021,19828904,2.6644596e+07,6815692.0,34.37250994810404
91710,2021,11592655,1.133636e+07,256295.0,2.210839535895789
91711,2021,7858433,7.0273065e+06,831126.5,10.57623701824524
91722,2021,3626280,3.6283005e+06,2020.5,0.05571825672590092
91723,2021,1811404,1.8654965e+06,54092.5,2.986219529160806
91724,2021,4278563,4.273601e+06,4962.0,0.11597351727671183
91730,2021,7100761,7.240068e+06,139307.0,1.9618601442859436
91731,2021,1637180,1.72056e+06,83380.0,5.092903651400579
91732,2021,3783729,3.974962e+06,191233.0,5.054088175976662
91733,2021,2371609,2.5712925e+06,199683.5,8.419747943273954
91737,2021,6866380,6.8354065e+06,30973.5,0.4510892202295824
91739,2021,9037095,8.61699e+06,420105.0,4.648673052568331
91740,2021,3122442,3.1890858e+06,66643.75,2.1343470911549356
91741,2021,6830063,7.0236175e+06,193554.5,2.833861122510876
91744,2021,7300402,7.519312e+06,218910.0,2.9986019947942593
91745,2021,9779316,9.752845e+06,26471.0,0.270683552919243
91746,2021,2813051,3.0580692e+06,245018.25,8.710053603720658
91748,2021,6851026,6.796868e+06,54158.0,0.7905093339304216
91750,2021,7308136,6.8543875e+06,453748.5,6.2088130270153705
91752,2021,5658099,5.363364e+06,294735.0,5.209081707478077
91754,2021,3167046,3.2683018e+06,101255.75,3.1971670130462266
91755,2021,2193901,2.340488e+06,146587.0,6.681568584908799
91759,2021,391215,299142.94,92072.0625,23.534900885702235
91761,2021,7663992,7.637378e+06,26614.0,0.3472602789773267
91762,2021,6368951,6.401657e+06,32706.0,0.5135225565403156
91763,2021,3427393,3.5240835e+06,96690.5,2.8211092220822067
91764,2021,4672108,4.832164e+06,160056.0,3.425776972621352
91765,2021,12300060,1.1531936e+07,768124.0,6.244880106275905
91766,2021,6536233,6.445552e+06,90681.0,1.387358743178219
91767,2021,4489238,4.566995e+06,77757.0,1.7320756885689732
91768,2021,2774520,2.9604552e+06,185935.25,6.70152855268659
91770,2021,5197198,4.9125985e+06,284599.5,5.476018038950989
91773,2021,6752924,6.728706e+06,24218.0,0.3586298320549735
91775,2021,3476455,3.4583498e+06,18105.25,0.5207963284437739
91776,2021,2662653,2.9258565e+06,263203.5,9.885009424810518
91780,2021,4390366,4.5105245e+06,120158.5,2.7368674957850896
91784,2021,7633793,7.414095e+06,219698.0,2.8779664316284186
91786,2021,5863663,5.7256555e+06,138007.5,2.353605587497099
91789,2021,9006094,8.50701e+06,499084.0,5.541625481590576
91790,2021,5014379,5.0079745e+06,6404.5,0.12772269507350759
91791,2021,5338393,5.010286e+06,328107.0,6.146175450177609
91792,2021,3155832,3.165641e+06,9809.0,0.31082136184689174
91801,2021,4134131,4.3845565e+06,250425.5,6.0575124494119805
91803,2021,2870156,2.9792542e+06,109098.25,3.8011261408787536
91901,2021,8150138,7.2881385e+06,861999.5,10.576501894814541
91902,2021,4219226,4.2935795e+06,74353.5,1.7622544988109192
91905,2021,624224,787877.56,163653.5625,26.217121177654175
91906,2021,1142622,1.0796004e+06,63021.625,5.515527007181728
91910,2021,8266105,8.065233e+06,200872.0,2.4300683332718376
91911,2021,7403756,7.2059665e+06,197789.5,2.6714751269490784
91913,2021,6793819,6.5139605e+06,279858.5,4.119310508566684
91914,2021,4302061,4.258859e+06,43202.0,1.0042163511860942
91915,2021,4442496,4.4260665e+06,16429.5,0.36982588166652264
91916,2021,2293104,2.0682004e+06,224903.625,9.807824895861678
91917,2021,534524,579397.44,44873.4375,8.395027632061423
91932,2021,2132944,2.149003e+06,16059.0,0.752903029802939
91934,2021,145961,114731.45,31229.546875,21.39581592000603
91935,2021,5080730,5.3108715e+06,230141.5,4.529693567656616
91941,2021,6935311,6.9763975e+06,41086.5,0.5924247665317388
91942,2021,4151449,4.330981e+06,179532.0,4.324562339559031
91945,2021,3042695,3.1977818e+06,155086.75,5.097019254312378
91950,2021,3871390,3.8578455e+06,13544.5,0.34986141928351316
91977,2021,7673682,7.1204395e+06,553242.5,7.20960941566252
91978,2021,1922320,1.8800956e+06,42224.375,2.1965320550168546
92003,2021,1939959,1.79281e+06,147149.0,7.58516030493428
92004,2021,1287357,1.3478356e+06,60478.625,4.697890717182569
92007,2021,2695115,2.8499482e+06,154833.25,5.744958934961959
92008,2021,5307883,5.062892e+06,244991.0,4.615606636393455
92009,2021,12567410,1.131445e+07,1252960.0,9.969914246451735
92010,2021,3674926,3.5266535e+06,148272.5,4.034707093421745
92011,2021,5474009,4.9620155e+06,511993.5,9.353172418971178
92014,2021,6087870,5.3317065e+06,756163.5,12.420822060917857
92019,2021,9449440,1.1473436e+07,2023996.0,21.419216376843494
92020,2021,6299650,6.199714e+06,99936.0,1.586373846166057
92021,2021,9524080,8.713308e+06,810772.0,8.512864234655735
92024,2021,13525767,1.201379e+07,1511977.0,11.178493611489833
92025,2021,6179959,5.69449e+06,485469.0,7.855537552919041
92026,2021,10829199,1.0306604e+07,522595.0,4.825795518209611
92027,2021,8376066,7.531739e+06,844327.0,10.080233369698854
92028,2021,13637593,1.3662851e+07,25258.0,0.18520863615742164
92029,2021,6424453,6.3297245e+06,94728.5,1.4744990740845951
92036,2021,6604782,5.647696e+06,957086.0,14.490803784288413
92037,2021,15989061,1.6423063e+07,434002.0,2.7143682796632023
92040,2021,8867559,8.371133e+06,496426.0,5.598226073263228
92054,2021,5427000,4.8865225e+06,540477.5,9.959047355813524
92056,2021,9017094,8.1828805e+06,834213.5,9.251467268723161
92057,2021,9035973,8.35776e+06,678213.0,7.50569971822625
92058,2021,2569183,2.7389148e+06,169731.75,6.6064484312717315
92059,2021,354619,332473.3,22145.6875,6.244924129840759
92061,2021,869962,985464.94,115502.9375,13.276779617960324
92064,2021,13682693,1.1851989e+07,1830704.0,13.379705296318495
92065,2021,12011031,1.2000944e+07,10087.0,0.08398113367620148
92066,2021,207392,173040.3,34351.703125,16.563658735631076
92067,2021,12417530,1.0189178e+07,2228352.0,17.945211326246042
92069,2021,7467792,7.1229905e+06,344801.5,4.6171813569526305
92071,2021,9147054,8.698504e+06,448550.0,4.903764643785857
92075,2021,3302952,3.1913345e+06,111617.5,3.3793255245610596
92078,2021,12051992,1.1801175e+07,250817.0,2.0811248464154306
92081,2021,4609481,4.623219e+06,13738.0,0.29803789190149604
92082,2021,7214796,7.233677e+06,18881.0,0.26169832106133006
92083,2021,3686364,3.7629912e+06,76627.25,2.0786674891573376
92084,2021,8928703,8.480814e+06,447889.0,5.0162828800554795
92086,2021,730591,917838.44,187247.4375,25.629584473392093
92091,2021,2051959,1.8036389e+06,248320.125,12.10161241038442
92101,2021,4237987,4.1886618e+06,49325.25,1.1638839382942892
92102,2021,3273498,3.2899608e+06,16462.75,0.5029100369085303
92103,2021,5713007,5.111821e+06,601186.0,10.523109808897486
92104,2021,4768473,4.8594205e+06,90947.5,1.9072667497540619
92105,2021,4308015,4.3240985e+06,16083.5,0.3733389971947637
92106,2021,3912716,3.879437e+06,33279.0,0.8505345136217399
92107,2021,3996394,3.945924e+06,50470.0,1.2628884939773206
92108,2021,2003789,2.0326909e+06,28901.875,1.4423611967128276
92109,2021,7228324,6.934631e+06,293693.0,4.063085716688959
92110,2021,3097583,3.1048275e+06,7244.5,0.23387589614225027
92111,2021,5027094,4.8299745e+06,197119.5,3.92114211510666
92113,2021,2624620,2.7803735e+06,155753.5,5.934325730962958
92114,2021,7432918,7.5408215e+06,107903.5,1.4516977047237707
92115,2021,5926339,5.548074e+06,378265.0,6.382776955553841
92116,2021,4607717,4.563453e+06,44264.0,0.9606492759863506
92117,2021,8396388,8.143844e+06,252544.0,3.0077695313746813
92118,2021,3822352,3.878515e+06,56163.0,1.4693309250430102
92119,2021,4490367,4.617451e+06,127084.0,2.8301472908561816
92120,2021,5959865,5.2407615e+06,719103.5,12.065768268240976
92121,2021,1103302,1.1678185e+06,64516.5,5.847582982719147
92122,2021,5878411,7.2701015e+06,1391690.5,23.67460356208506
92123,2021,3139445,3.2329808e+06,93535.75,2.9793721501730404
92124,2021,4356199,4.5484115e+06,192212.5,4.412390251225896
92126,2021,9822526,9.511595e+06,310931.0,3.1654892030827915
92127,2021,14074872,1.148093e+07,2593942.0,18.429595665239443
92128,2021,10037174,9.009736e+06,1027438.0,10.236327476239826
92129,2021,11915061,1.1054036e+07,861025.0,7.2263583039986115
92130,2021,17214348,1.576314e+07,1451208.0,8.43022343919154
92131,2021,10989305,1.0465983e+07,523322.0,4.762102789939855
92139,2021,3475470,3.5378165e+06,62346.5,1.7939012565207006
92154,2021,8321891,9.819647e+06,1497756.0,17.997784397800935
92173,2021,1510186,1.5880002e+06,77814.25,5.152626894965255
92201,2021,8302371,8.2030655e+06,99305.5,1.1961101232406985
92203,2021,7594245,7.2702445e+06,324000.5,4.266395145271189
92210,2021,5452686,4.976397e+06,476289.0,8.734942741980742
92211,2021,8794099,8.0821595e+06,711939.5,8.095650276395569
92220,2021,11347090,1.081917e+07,527920.0,4.652470369054973
92223,2021,11228048,1.2512962e+07,1284914.0,11.443787913981131
92225,2021,2687362,2.684615e+06,2747.0,0.10221920232555198
92227,2021,2228055,2.3858245e+06,157769.5,7.0810415362277865
92230,2021,315551,275615.78,39935.21875,12.65570977433125
92231,2021,3345477,3.6088045e+06,263327.5,7.871149614838183
92233,2021,264366,253869.62,10496.375,3.97039520967144
92234,2021,9279695,8.871282e+06,408413.0,4.401146804932705
92236,2021,3389245,3.3914878e+06,2242.75,0.0661725546545027
92239,2021,71150,66392.91,4757.09375,6.686006676036542
92240,2021,5561802,5.309005e+06,252797.0,4.545235518991866
92241,2021,1850072,1.7908649e+06,59207.125,3.2002605844529297
92242,2021,813880,667088.6,146791.375,18.03599732147245
92243,2021,4503714,4.5563325e+06,52618.5,1.1683357335745566
92249,2021,611323,857927.0,246604.0,40.33939504975275
92250,2021,1343590,1.3622291e+06,18639.125,1.387262855484188
92251,2021,2791142,2.8944418e+06,103299.75,3.70098511648637
92252,2021,2489731,2.481327e+06,8404.0,0.3375465060281613
92253,2021,16657874,1.5578541e+07,1079333.0,6.479416280853127
92254,2021,683604,687613.2,4009.1875,0.5864780633232105
92256,2021,1083549,1.107007e+06,23458.0,2.164922859972184
92257,2021,254944,213353.73,41590.265625,16.3134906587329
92260,2021,10493528,8.980401e+06,1513127.0,14.419621313251369
92262,2021,9689698,8.0697505e+06,1619947.5,16.71824550156259
92264,2021,8594885,7.502915e+06,1091970.0,12.70488203158041
92270,2021,10994365,9.233498e+06,1760867.0,16.016086422453686
92273,2021,130501,103046.7,27454.296875,21.037614175370305
92274,2021,1544017,1.3758209e+06,168196.125,10.89341147150582
92275,2021,125737,76254.88,49482.1171875,39.35366454384946
92276,2021,1384714,1.283326e+06,101388.0,7.321945181459853
92277,2021,2881915,2.961371e+06,79456.0,2.757055638351582
92281,2021,159407,168098.7,8691.703125,5.452522865997102
92282,2021,418679,410509.16,8169.84375,1.9513383164667921
92283,2021,134123,95753.38,38369.6171875,28.607783294065896
92284,2021,5758975,5.2925585e+06,466416.5,8.098949899938791
92285,2021,837214,762553.5,74660.5,8.91773190605986
92301,2021,4223005,4.4217305e+06,198725.5,4.705784151332996
92305,2021,615057,728188.4,113131.375,18.393640751995342
92307,2021,7438308,1.0780668e+07,3342360.0,44.934412503488694
92308,2021,7895778,7.334977e+06,560801.0,7.10254265000865
92311,2021,3683127,3.4209908e+06,262136.25,7.117219960104553
92313,2021,1912642,1.9956268e+06,82984.75,4.338749750345334
92314,2021,9820915,8.543355e+06,1277560.0,13.008563865994157
92315,2021,11372563,9.806134e+06,1566429.0,13.773755309159421
92316,2021,3173719,3.306602e+06,132883.0,4.186980636912089
92317,2021,362310,287676.5,74633.5,20.59934862410643
92320,2021,2446167,2.3289245e+06,117242.5,4.792906616760017
92321,2021,586293,641142.0,54849.0,9.355220000921042
92324,2021,6635954,6.9117925e+06,275838.5,4.156727126197681
92325,2021,7438452,7.0013125e+06,437139.5,5.876753657884732
92328,2021,3473,-29350.447,32823.447265625,945.1035780485171
92333,2021,1333257,1.3127172e+06,20539.75,1.540569447600875
92335,2021,7170294,7.5102865e+06,339992.5,4.741681442908757
92336,2021,17367385,2.1461582e+07,4094197.0,23.57405562207552
92337,2021,5393715,5.259141e+06,134574.0,2.4950150313837494
92339,2021,880432,942529.75,62097.75,7.053100069057009
92341,2021,1152264,1.0593436e+06,92920.375,8.064156738386343
92342,2021,1737671,1.7500079e+06,12336.875,0.7099660983005414
92344,2021,5003198,4.9248275e+06,78370.5,1.566408125363018
92345,2021,12341291,1.0946113e+07,1395178.0,11.304959910596063
92346,2021,9701522,1.8698954e+07,8997432.0,92.74247896361004
92352,2021,18018567,1.7782084e+07,236483.0,1.3124406619016928
92354,2021,3052692,3.1443025e+06,91610.5,3.0009742220964317
92356,2021,1099581,968544.8,131036.1875,11.916919944960853
92358,2021,440613,546116.44,105503.4375,23.944694664024894
92359,2021,1585082,2.3559638e+06,770881.75,48.63355649739257
92363,2021,1452580,1.3655949e+06,86985.125,5.988319059879663
92365,2021,517548,546860.06,29312.0625,5.6636413434116255
92368,2021,108169,92835.555,15333.4453125,14.175452590390963
92371,2021,4397238,4.49684e+06,99602.0,2.265103685540787
92372,2021,1816130,1.6678538e+06,148276.25,8.164407283619566
92373,2021,7679946,7.3105755e+06,369370.5,4.809545535867049
92374,2021,6052260,5.8148925e+06,237367.5,3.921964687571254
92376,2021,8018978,8.2656255e+06,246647.5,3.075797190115748
92377,2021,3551270,3.638826e+06,87556.0,2.4654841788993798
92378,2021,293837,238571.06,55265.9375,18.808365692543823
92382,2021,4851250,5.2893705e+06,438120.5,9.031084771965988
92385,2021,326940,270808.94,56131.0625,17.168612742399215
92386,2021,2557684,2.7752968e+06,217612.75,8.508195304814825
92391,2021,1763250,1.7798858e+06,16635.75,0.9434708634623564
92392,2021,9154365,9.060214e+06,94151.0,1.028482041080949
92394,2021,4627551,4.5815905e+06,45960.5,0.9931927276436283
92395,2021,5685637,5.3936295e+06,292007.5,5.135880113345259
92397,2021,3383306,3.1420908e+06,241215.25,7.129572376840877
92398,2021,236732,196366.97,40365.03125,17.05093998698951
92399,2021,11447388,1.0886903e+07,560485.0,4.896182430437406
92401,2021,80320,106002.65,25682.6484375,31.97540891123008
92404,2021,18980640,1.989372e+07,913080.0,4.810585944414941
92405,2021,3376070,3.4753198e+06,99249.75,2.939801307437346
92407,2021,28175367,2.8066596e+07,108771.0,0.3860499847260197
92408,2021,947859,1.03744294e+06,89583.9375,9.451188151402265
92410,2021,3119501,3.2433845e+06,123883.5,3.9712601470555704
92411,2021,1966648,2.0528416e+06,86193.625,4.382768294071944
92501,2021,2600609,2.8321958e+06,231586.75,8.905096844623701
92503,2021,13300931,1.3199726e+07,101205.0,0.7608865875629307
92504,2021,7798209,7.6075285e+06,190680.5,2.44518324656341
92505,2021,5512114,5.150298e+06,361816.0,6.56401518546242
92506,2021,10316749,8.979271e+06,1337478.0,12.964142095538042
92507,2021,5533282,5.240501e+06,292781.0,5.291271979270169
92508,2021,7379309,7.200918e+06,178391.0,2.417448571404179
92509,2021,10066129,1.0115479e+07,49350.0,0.49025797305001756
92530,2021,9613755,1.024028e+07,626525.0,6.516964495142637
92532,2021,6473720,6.185331e+06,288389.0,4.4547648029262925
92536,2021,1635839,1.4214191e+06,214419.875,13.107639260342857
92539,2021,3075726,4.4699735e+06,1394247.5,45.330679650918185
92543,2021,3953103,3.720762e+06,232341.0,5.877433499708963
92544,2021,7627216,7.339824e+06,287392.0,3.7679803482686216
92545,2021,7050595,6.507461e+06,543134.0,7.703378225525648
92548,2021,1161807,992841.56,168965.4375,14.543330992152741
92549,2021,5615149,5.805278e+06,190129.0,3.386000976999898
92551,2021,3922128,3.9873422e+06,65214.25,1.6627262037342994
92553,2021,7031486,7.5085215e+06,477035.5,6.784277178394439
92555,2021,7603391,7.1596275e+06,443763.5,5.836389316293217
92557,2021,8192401,8.547737e+06,355336.0,4.337385340390442
92561,2021,1243275,1.0911162e+06,152158.75,12.238543363294523
92562,2021,17329780,1.780837e+07,478590.0,2.7616622946165506
92563,2021,13288397,1.3908065e+07,619668.0,4.663226121254505
92567,2021,1771399,1.7615841e+06,9814.875,0.5540747736675926
92570,2021,7901027,7.7046005e+06,196426.5,2.4860882009389416
92571,2021,6589605,6.9793225e+06,389717.5,5.914125353492357
92582,2021,3015981,3.1125905e+06,96609.5,3.2032529382645314
92583,2021,3660554,3.4385898e+06,221964.25,6.063679158946979
92584,2021,10820459,1.0540676e+07,279783.0,2.5856851359078203
92585,2021,4216742,4.182962e+06,33780.0,0.8010924073609436
92586,2021,3952191,3.9987102e+06,46519.25,1.1770496415785572
92587,2021,4996264,5.0757355e+06,79471.5,1.5906185101507848
92590,2021,2229266,1.8870491e+06,342216.875,15.35110099019139
92591,2021,6883560,7.0744315e+06,190871.5,2.7728602641656352
92592,2021,18133704,1.7361274e+07,772430.0,4.259637192710326
92595,2021,7488441,6.927715e+06,560726.0,7.48788699810815
92596,2021,6160253,5.812235e+06,348018.0,5.649410827769573
92602,2021,5021076,4.874802e+06,146274.0,2.9132002781873845
92603,2021,7054238,6.6191315e+06,435106.5,6.168015595731247
92604,2021,3598675,3.5428202e+06,55854.75,1.552092089449589
92606,2021,2406515,2.7470448e+06,340529.75,14.150327340573401
92610,2021,3378121,3.1232905e+06,254830.5,7.543557498384457
92612,2021,2674847,3.147132e+06,472285.0,17.65652390585331
92614,2021,2890837,2.854184e+06,36653.0,1.2679026870072578
92617,2021,955026,915790.44,39235.5625,4.10832401421532
92618,2021,8726749,7.9378115e+06,788937.5,9.040451375420561
92620,2021,9616072,9.314856e+06,301216.0,3.1324224693825085
92624,2021,2040924,1.9290165e+06,111907.5,5.4831782075177715
92625,2021,7137933,6.6418815e+06,496051.5,6.949511854482243
92626,2021,6387439,6.351242e+06,36197.0,0.5666903433441791
92627,2021,6669164,6.640334e+06,28830.0,0.4322880648908919
92629,2021,8816639,8.1514795e+06,665159.5,7.544365829200901
92630,2021,12081651,1.1919583e+07,162068.0,1.3414391791320575
92637,2021,2171062,2.34626e+06,175198.0,8.069691238665685
92646,2021,10708300,9.506117e+06,1202183.0,11.226646619911659
92647,2021,6367805,6.42338e+06,55575.0,0.8727497151687277
92648,2021,8718040,8.2887315e+06,429308.5,4.924369468366743
92649,2021,7064316,6.698895e+06,365421.0,5.172772565666655
92651,2021,17288895,1.6354301e+07,934594.0,5.405747446554566
92653,2021,7725044,7.4042045e+06,320839.5,4.1532384799361655
92655,2021,598850,628989.2,30139.1875,5.03284420138599
92656,2021,9095337,7.7060935e+06,1389243.5,15.274238876470436
92657,2021,9220929,8.2436325e+06,977296.5,10.598677204867318
92660,2021,12189668,1.1639177e+07,550491.0,4.516045884104472
92661,2021,2004462,1.8823258e+06,122136.25,6.093218529460772
92662,2021,1454133,1.4352088e+06,18924.25,1.3014112189187645
92663,2021,6845282,6.5629495e+06,282332.5,4.124483111141367
92672,2021,9118272,8.198993e+06,919279.0,10.08172381784619
92673,2021,10154967,8.649675e+06,1505292.0,14.823209174387273
92675,2021,10709251,8.624846e+06,2084405.0,19.463592738651844
92676,2021,1572742,3.0940462e+06,1521304.25,96.72942224471656
92677,2021,19163405,1.9557676e+07,394271.0,2.057416205522975
92678,2021,70730,62920.984,7809.015625,11.040598932560442
92679,2021,16769025,1.5305814e+07,1463211.0,8.72567725314978
92683,2021,8339588,8.2436565e+06,95931.5,1.1503146198589187
92688,2021,8773385,7.9786165e+06,794768.5,9.058858126025473
92691,2021,9979048,8.704918e+06,1274130.0,12.768051621757905
92692,2021,11891235,1.1009744e+07,881491.0,7.412947435653236
92694,2021,18209602,1.385895e+07,4350652.0,23.89207627931681
92701,2021,2143692,2.2852658e+06,141573.75,6.60420200289967
92703,2021,3117688,3.2505898e+06,132901.75,4.262830340944957
92704,2021,5468753,5.1137385e+06,355014.5,6.491690153129973
92705,2021,9726524,8.654183e+06,1072341.0,11.024914964482686
92706,2021,3276564,3.321818e+06,45254.0,1.3811419523622919
92707,2021,4002033,4.085275e+06,83242.0,2.0799928436372217
92708,2021,9069507,8.740169e+06,329338.0,3.631266837326439
92780,2021,4896535,4.909478e+06,12943.0,0.2643297760559252
92782,2021,4722115,4.662598e+06,59517.0,1.2603886182356847
92801,2021,3643700,3.6107118e+06,32988.25,0.905350330707797
92802,2021,2498038,2.796512e+06,298474.0,11.948337054920701
92804,2021,5909653,5.5402755e+06,369377.5,6.250409287990344
92805,2021,5046974,5.037041e+06,9933.0,0.1968110000170399
92806,2021,3461912,3.593529e+06,131617.0,3.801858626100259
92807,2021,9490952,8.790811e+06,700141.0,7.376931207743966
92808,2021,5691511,5.157813e+06,533698.0,9.377088087855757
92821,2021,7243282,6.803179e+06,440103.0,6.076016369375098
92823,2021,1533676,1.4824285e+06,51247.5,3.3414815123924484
92831,2021,3826140,3.8299938e+06,3853.75,0.1007216149957921
92832,2021,2137259,2.174848e+06,37589.0,1.7587480038685064
92833,2021,6514304,6.3454785e+06,168825.5,2.591612242842827
92835,2021,5397183,4.9932205e+06,403962.5,7.484691551129543
92840,2021,4261969,4.309575e+06,47606.0,1.1169954544484015
92841,2021,2802608,2.9077768e+06,105168.75,3.752531570594247
92843,2021,2677307,2.9407865e+06,263479.5,9.841213577673386
92844,2021,1492757,1.5516035e+06,58846.5,3.942135257111506
92845,2021,2235329,2.435059e+06,199730.0,8.935150038316507
92860,2021,5562233,5.1591905e+06,403042.5,7.246055675840981
92861,2021,2695152,2.8821268e+06,186974.75,6.93744731280462
92865,2021,2836733,2.9487475e+06,112014.5,3.9487149477938175
92866,2021,1873166,2.0494832e+06,176317.25,9.412793633879753
92867,2021,8207338,7.6783055e+06,529032.5,6.445847606130027
92868,2021,1804903,1.9154809e+06,110577.875,6.126527298142892
92869,2021,8197662,7.374395e+06,823267.0,10.04270485901956
92870,2021,7331452,7.3392945e+06,7842.5,0.10697062464570456
92879,2021,6082233,5.827671e+06,254562.0,4.185337852068476
92880,2021,13622339,1.4071417e+07,449078.0,3.296629161849518
92881,2021,7323679,7.0163615e+06,307317.5,4.196217502159775
92882,2021,11802319,1.1099832e+07,702487.0,5.9521099200928225
92883,2021,9625218,9.43732e+06,187898.0,1.9521427982202584
92886,2021,13570439,1.1850589e+07,1719850.0,12.673503045848406
92887,2021,7297593,7.01083e+06,286763.0,3.9295559508457103
93001,2021,12723938,1.2488631e+07,235307.0,1.8493252639237945
93003,2021,8295607,8.0543785e+06,241228.5,2.9079065582542665
93004,2021,4907437,4.880345e+06,27092.0,0.5520600672000475
93010,2021,8504472,8.144096e+06,360376.0,4.237488229721962
93012,2021,9062551,7.9039255e+06,1158625.5,12.784761156102736
93013,2021,3825624,3.654327e+06,171297.0,4.4776224741375525
93015,2021,2799542,3.9654272e+06,1165885.25,41.64557095410606
93021,2021,9619338,8.576624e+06,1042714.0,10.839768807375311
93022,2021,1597397,1.4888788e+06,108518.25,6.793442707104121
93023,2021,7354136,6.9615675e+06,392568.5,5.338064185922044
93030,2021,6250077,6.780333e+06,530256.0,8.483991477225
93033,2021,6845186,6.742282e+06,102904.0,1.503304658193364
93035,2021,6501648,6.4468745e+06,54773.5,0.8424556358633996
93036,2021,4682802,4.6120555e+06,70746.5,1.510772823621413
93040,2021,339885,297794.47,42090.53125,12.383756638274711
93041,2021,2064183,1.9774591e+06,86723.875,4.201365625043904
93060,2021,13565349,1.3487487e+07,77862.0,0.5739771236257909
93063,2021,24638672,2.6601356e+07,1962684.0,7.965867640918309
93065,2021,17098328,2.1444504e+07,4346176.0,25.418719304016157
93066,2021,1048725,868525.6,180199.375,17.182709957329138
93101,2021,3377455,3.4031015e+06,25646.5,0.7593439438867432
93103,2021,4692286,4.5192565e+06,173029.5,3.687530981700604
93105,2021,8668286,7.7702785e+06,898007.5,10.359689331893295
93108,2021,10919843,9.555508e+06,1364335.0,12.494089887556076
93109,2021,2834264,2.76697e+06,67294.0,2.374302464414042
93110,2021,4818525,4.608578e+06,209947.0,4.357080226832901
93111,2021,4027619,3.8885982e+06,139020.75,3.451685723004087
93117,2021,5738931,5.2088885e+06,530042.5,9.23590996302273
93201,2021,57787,56201.418,1585.58203125,2.743838633689238
93202,2021,505096,513146.4,8050.40625,1.59383686467523
93203,2021,1677568,1.8047868e+06,127218.75,7.583522694758125
93204,2021,796476,995340.75,198864.75,24.968078134181066
93205,2021,678293,743745.44,65452.4375,9.649581744172504
93206,2021,165576,170801.52,5225.515625,3.1559619902642897
93208,2021,142458,152631.8,10173.796875,7.141611474961042
93210,2021,2066509,7.0566e+06,4990091.0,241.47443829182453
93212,2021,1330528,1.3683749e+06,37846.875,2.8445004539551215
93215,2021,3804758,3.9744678e+06,169709.75,4.4604610858299
93218,2021,87239,115660.016,28421.015625,32.57833724022513
93219,2021,645480,706265.44,60785.4375,9.417090769659788
93221,2021,2145970,2.2839088e+06,137938.75,6.427804209751302
93222,2021,2281506,2.0885289e+06,192977.125,8.458322046928652
93223,2021,915377,1.0357372e+06,120360.1875,13.148701300120061
93224,2021,87241,93536.54,6295.5390625,7.216261921000447
93225,2021,2673449,2.738031e+06,64582.0,2.4156810172926435
93230,2021,9994881,9.185711e+06,809170.0,8.095844262678064
93234,2021,393198,422769.66,29571.65625,7.520805357606092
93235,2021,366142,462490.1,96348.09375,26.314406364197495
93238,2021,950482,784575.7,165906.3125,17.454966269745245
93239,2021,69784,115098.51,45314.5078125,64.9353832003038
93240,2021,1937312,2.591012e+06,653700.0,33.74262896219091
93241,2021,978680,1.0301609e+06,51480.875,5.260235725671312
93242,2021,304104,267766.22,36337.78125,11.949129656301793
93243,2021,5377933,4.482949e+06,894984.0,16.641784120404623
93245,2021,4186452,4.280477e+06,94025.0,2.24593522151932
93247,2021,1725963,1.8534779e+06,127514.875,7.388042211797124
93249,2021,111679,163172.48,51493.484375,46.10847551912177
93250,2021,1157827,1.1482345e+06,9592.5,0.8284916485796238
93251,2021,17092,66235.58,49143.578125,287.5238598467119
93252,2021,256748,662613.7,405865.6875,158.07939594466168
93254,2021,138167,76586.25,61580.75,44.56979597154169
93255,2021,424680,390379.1,34300.90625,8.076882888292362
93256,2021,363484,424149.34,60665.34375,16.68996262559012
93257,2021,23765604,3.411388e+07,10348276.0,43.54308015903993
93258,2021,21656,15394.134,6261.8662109375,28.91515612734346
93260,2021,398319,582289.3,183970.3125,46.18667763777274
93261,2021,121452,111071.18,10380.8203125,8.547261726855055
93263,2021,2364024,2.580564e+06,216540.0,9.159805484208281
93265,2021,4408976,3.8687592e+06,540216.75,12.252657986797843
93266,2021,135627,175480.92,39853.921875,29.38494685792652
93267,2021,612392,675029.0,62637.0,10.228252491867954
93268,2021,2465568,2.6532285e+06,187660.5,7.611248199197913
93270,2021,526187,532278.06,6091.0625,1.1575851360827993
93271,2021,1189440,1.0070518e+06,182388.1875,15.33395442393059
93272,2021,220768,259731.56,38963.5625,17.649098827728658
93274,2021,8579066,8.950466e+06,371400.0,4.32914258964787
93277,2021,7136487,7.48703e+06,350543.0,4.91198260432619
93280,2021,2028932,2.0057921e+06,23139.875,1.1404953443486525
93283,2021,1343404,1.2550629e+06,88341.125,6.575916477842853
93285,2021,2146566,2.0853652e+06,61200.75,2.8511003155738046
93286,2021,1007367,1.0878824e+06,80515.375,7.992655606149497
93287,2021,80842,115565.164,34723.1640625,42.95188647299671
93291,2021,8063667,7.763325e+06,300342.0,3.724632974055104
93292,2021,5771422,5.653037e+06,118385.0,2.0512275830809115
93301,2021,1547576,1.451398e+06,96178.0,6.214751327236918
93304,2021,5506477,5.279086e+06,227391.0,4.129518746741337
93305,2021,3786552,3.7245732e+06,61978.75,1.6368123295282886
93306,2021,21717186,3.0540348e+07,8823162.0,40.627556443086135
93307,2021,7998048,7.934844e+06,63204.0,0.7902428192478964
93308,2021,8048709,7.5794e+06,469309.0,5.830860576522272
93309,2021,8328490,8.2501085e+06,78381.5,0.9411249818394452
93311,2021,21590518,1.8395232e+07,3195286.0,14.799487441663048
93312,2021,12511572,1.1156113e+07,1355459.0,10.833642646983128
93313,2021,8922234,8.541326e+06,380908.0,4.269199843895598
93314,2021,7718904,7.43362e+06,285284.0,3.6959133058268376
93401,2021,11729772,1.909224e+07,7362468.0,62.767358137907536
93402,2021,3467464,3.4370758e+06,30388.25,0.8763825666250608
93405,2021,3459071,5.974942e+06,2515871.0,72.73256316508103
93420,2021,15255084,1.6962232e+07,1707148.0,11.190682398077913
93422,2021,7557318,7.012476e+06,544842.0,7.209462404519698
93426,2021,1437456,3.692483e+06,2255027.0,156.87624525550694
93427,2021,1043721,966769.5,76951.5,7.372803651550558
93428,2021,3194181,3.045623e+06,148558.0,4.650894861624936
93430,2021,1311023,2.0572635e+06,746240.5,56.92047355385832
93432,2021,1186442,879623.6,306818.375,25.8603770770084
93433,2021,1939091,2.0360539e+06,96962.875,5.000429324874387
93434,2021,676363,714243.3,37880.3125,5.600589106737062
93436,2021,6108241,7.502639e+06,1394398.0,22.828143159380907
93440,2021,405747,362681.06,43065.9375,10.613987903792264
93441,2021,451499,410776.7,40722.3125,9.019358293152365
93442,2021,2961111,3.0507318e+06,89620.75,3.026592046025968
93444,2021,4175235,7.0334095e+06,2858174.5,68.45541628195778
93445,2021,1028075,923683.0,104392.0,10.15412299686307
93446,2021,42814744,6.2604092e+07,19789348.0,46.22087195009271
93449,2021,3053970,3.1468425e+06,92872.5,3.0410416605271173
93451,2021,1917492,1.7702292e+06,147262.75,7.679966852534456
93452,2021,149389,140443.61,8945.390625,5.987984808118402
93453,2021,1009218,6.19942e+06,5190202.0,514.2795709153028
93454,2021,4186489,8.340313e+06,4153824.0,99.2197519210011
93455,2021,7444794,8.791311e+06,1346517.0,18.086692526347942
93458,2021,3955580,4.0590362e+06,103456.25,2.6154508314836256
93460,2021,2450822,2.2704645e+06,180357.5,7.35906157199503
93461,2021,211616,1.1093054e+06,897689.375,424.20675894072286
93463,2021,2170282,2.0850815e+06,85200.5,3.9257801520724036
93465,2021,2768043,5.3660395e+06,2597996.5,93.8567970223006
93501,2021,3063200,3.076718e+06,13518.0,0.44130321232697833
93505,2021,2186801,2.2340705e+06,47269.5,2.1615821467065364
93510,2021,3763457,3.6417558e+06,121701.25,3.23376220320838
93513,2021,891692,748819.3,142872.6875,16.022649917235995
93514,2021,3159556,2.9842268e+06,175329.25,5.549173681365356
93516,2021,272512,231299.98,41212.015625,15.123009491325154
93517,2021,495567,477237.94,18329.0625,3.6986043259539074
93518,2021,1500438,1.3185685e+06,181869.5,12.121093973892956
93523,2021,230709,190197.42,40511.578125,17.559600243163466
93526,2021,177845,149159.14,28685.859375,16.129696856813517
93527,2021,674890,615383.9,59506.125,8.817159092592867
93529,2021,975031,861872.44,113158.5625,11.605637410502846
93531,2021,459697,387048.12,72648.875,15.803643486905505
93532,2021,1258247,1.2695632e+06,11316.25,0.8993663406310526
93534,2021,4555435,4.5129625e+06,42472.5,0.9323478438392822
93535,2021,9755049,9.287159e+06,467890.0,4.7963880037916775
93536,2021,27148610,3.4885588e+07,7736978.0,28.498615582897248
93543,2021,2129688,2.4489232e+06,319235.25,14.989766106584627
93544,2021,426319,479701.4,53382.40625,12.52170469765598
93545,2021,384858,347832.84,37025.15625,9.620472031242693
93546,2021,6863637,6.4413555e+06,422281.5,6.152445124938863
93549,2021,67019,58104.598,8914.40234375,13.301306112818754
93550,2021,8595375,7.9983435e+06,597031.5,6.945962218053313
93551,2021,13383126,1.3169073e+07,214053.0,1.5994245290674243
93552,2021,6201707,6.7100865e+06,508379.5,8.197412422096045
93553,2021,530090,614152.6,84062.625,15.858179743062498
93555,2021,5180538,5.2231855e+06,42647.5,0.8232253098037308
93560,2021,3130149,3.0043758e+06,125773.25,4.0181234184059615
93561,2021,21114850,2.767308e+07,6558230.0,31.059799146098598
93562,2021,191766,176202.11,15563.890625,8.116084511852987
93591,2021,991469,1.0766171e+06,85148.125,8.588077388198723
93601,2021,1265335,1.1590739e+06,106261.125,8.397864992274773
93602,2021,2351718,2.4621522e+06,110434.25,4.695896786944694
93604,2021,1930422,1.9421871e+06,11765.125,0.6094587090283886
93606,2021,137455,130887.19,6567.8125,4.778154668800698
93608,2021,59328,65268.285,5940.28515625,10.012616565955366
93609,2021,507408,530703.44,23295.4375,4.59106626225838
93610,2021,2428876,2.6157192e+06,186843.25,7.692580848095992
93611,2021,10271961,9.572619e+06,699342.0,6.808261830433351
93612,2021,4328770,4.521965e+06,193195.0,4.463046084684564
93614,2021,6075169,5.60783e+06,467339.0,7.69260904511463
93615,2021,374756,473928.53,99172.53125,26.46322707308222
93616,2021,240836,228789.1,12046.90625,5.002120218738063
93618,2021,2775357,2.829981e+06,54624.0,1.9681792288343447
93619,2021,13428461,1.2491859e+07,936602.0,6.974753100895182
93620,2021,1223029,1.1900961e+06,32932.875,2.692730507616745
93622,2021,919225,920954.9,1729.875,0.18818841959259158
93625,2021,1149130,1.1735372e+06,24407.25,2.123976399537041
93626,2021,1112949,993910.75,119038.25,10.695750658835221
93630,2021,2341625,2.6015085e+06,259883.5,11.098425238883253
93631,2021,2692558,2.903859e+06,211301.0,7.847593255187076
93635,2021,6473832,6.6008275e+06,126995.5,1.9616743221016548
93636,2021,4140872,3.9799108e+06,160961.25,3.8871341591819304
93637,2021,5122310,5.6766985e+06,554388.5,10.823017349594226
93638,2021,5824549,5.9490975e+06,124548.5,2.138337234350677
93640,2021,1058636,1.0635871e+06,4951.125,0.46768908293313277
93643,2021,2392324,2.2400148e+06,152309.25,6.366581198867712
93644,2021,5111986,5.0174255e+06,94560.5,1.8497801050315863
93645,2021,203490,225015.33,21525.328125,10.578076625386997
93646,2021,740989,799317.06,58328.0625,7.871650253917399
93647,2021,858768,849394.94,9373.0625,1.0914545604866508
93648,2021,1273366,1.228613e+06,44753.0,3.514543344175987
93650,2021,481727,496477.88,14750.875,3.0620818430355783
93651,2021,993378,986290.25,7087.75,0.7134997956467729
93652,2021,41737,42435.965,698.96484375,1.6746887503893428
93653,2021,554885,594487.4,39602.375,7.13704190958487
93654,2021,3753666,3.7920822e+06,38416.25,1.0234328254032192
93656,2021,586856,667668.75,80812.75,13.770456466322232
93657,2021,22923040,2.3288932e+07,365892.0,1.5961757253837188
93660,2021,358274,363142.84,4868.84375,1.358972113522053
93662,2021,3416056,3.383162e+06,32894.0,0.9629233244419881
93664,2021,4747270,4.989542e+06,242272.0,5.103396267749675
93666,2021,12896,15846.862,2950.8623046875,22.88199677952466
93667,2021,1140434,1.4948764e+06,354442.375,31.07960434360954
93668,2021,116096,104293.39,11802.609375,10.166249806194873
93669,2021,490993,479422.28,11570.71875,2.3565954606277484
93673,2021,54009,85319.46,31310.4609375,57.9726729572849
93675,2021,4034502,3.7061692e+06,328332.75,8.138123366898814
93701,2021,743550,735749.5,7800.5,1.0490888306099118
93702,2021,3685460,3.9407012e+06,255241.25,6.925628008443993
93703,2021,3324620,3.5032295e+06,178609.5,5.372328266087553
93704,2021,5127609,5.017477e+06,110132.0,2.147823673762957
93705,2021,4415114,4.5794715e+06,164357.5,3.72261055999913
93706,2021,3199500,3.315284e+06,115784.0,3.6188154399124866
93710,2021,3647995,3.5575272e+06,90467.75,2.479930756484041
93711,2021,9607585,9.671179e+06,63594.0,0.6619145185808921
93720,2021,10000079,9.754495e+06,245584.0,2.4558205990172675
93721,2021,182235,290241.88,108006.875,59.26790956731692
93722,2021,12678427,1.3849625e+07,1171198.0,9.237723260148913
93723,2021,2184998,2.290144e+06,105146.0,4.812178317783357
93725,2021,2511917,2.8029218e+06,291004.75,11.58496678035142
93726,2021,4616732,4.7285735e+06,111841.5,2.422525284118723
93727,2021,11405190,1.0301317e+07,1103873.0,9.678690140190563
93728,2021,2120485,2.3145962e+06,194111.25,9.154096822189263
93730,2021,4001032,3.9992325e+06,1799.5,0.044975896218775555
93737,2021,1272709,1.2562499e+06,16459.125,1.2932355314529873
93901,2021,4457382,4.4044925e+06,52889.5,1.18655973394248
93905,2021,5260610,5.000893e+06,259717.0,4.937013007997171
93906,2021,8130267,7.751416e+06,378851.0,4.65976086640205
93907,2021,5694597,5.18124e+06,513357.0,9.014808247185885
93908,2021,6224211,5.8137995e+06,410411.5,6.59379156651341
93920,2021,1124127,1.5427142e+06,418587.25,37.23665119688434
93921,2021,2171451,2.1504948e+06,20956.25,0.9650804922607049
93923,2021,9829056,9.063169e+06,765887.0,7.792070774650179
93924,2021,5248717,7.108606e+06,1859889.0,35.435116810451014
93925,2021,228097,181036.0,47061.0,20.632011819532917
93926,2021,1100425,1.1689128e+06,68487.75,6.2237544585046685
93927,2021,1881328,1.9043901e+06,23062.125,1.2258428620633934
93930,2021,2056200,4.2615315e+06,2205331.5,107.25277210388096
93932,2021,154409,105459.6,48949.3984375,31.70113039881095
93933,2021,3525445,3.4115088e+06,113936.25,3.23182605316492
93940,2021,8380547,7.735089e+06,645458.0,7.701860033718563
93950,2021,4415217,4.537144e+06,121927.0,2.761517723817425
93953,2021,4630465,4.519389e+06,111076.0,2.3988087589475358
93954,2021,50675,56589.273,5914.2734375,11.670988529847065
93955,2021,4013833,4.1322198e+06,118386.75,2.9494687496963623
93960,2021,2269180,2.2787772e+06,9597.25,0.42293912338377737
94002,2021,7309907,7.2700235e+06,39883.5,0.5456088565832643
94005,2021,1313805,1.3211015e+06,7296.5,0.5553716114644106
94010,2021,19658845,1.9728644e+07,69799.0,0.3550513776368856
94014,2021,7569130,7.458627e+06,110503.0,1.4599167936077198
94015,2021,10399630,1.0325584e+07,74046.0,0.7120061002170269
94018,2021,1221827,1.1712245e+06,50602.5,4.141543770108207
94019,2021,4821259,4.7217835e+06,99475.5,2.0632681214595605
94020,2021,1000322,885121.5,115200.5,11.516341737960376
94021,2021,123065,124542.06,1477.0625,1.2002295534879943
94022,2021,11767281,1.0810459e+07,956822.0,8.131207200711872
94024,2021,10437174,9.014376e+06,1422798.0,13.63202338104165
94025,2021,12520479,1.2149074e+07,371405.0,2.9663801201216025
94027,2021,9302228,7.981086e+06,1321142.0,14.20242548344332
94028,2021,6210183,5.7409645e+06,469218.5,7.555630808303072
94030,2021,5921388,5.7486915e+06,172696.5,2.916486810187071
94037,2021,1185411,1.1542368e+06,31174.25,2.6298262796616534
94038,2021,881883,864919.0,16964.0,1.9236111819821904
94040,2021,5190746,4.7837325e+06,407013.5,7.841136900168107
94041,2021,2282982,2.53957e+06,256588.0,11.239160010898027
94043,2021,3820520,3.7163092e+06,104210.75,2.727658800372724
94044,2021,10304473,1.001833e+07,286143.0,2.7768814572079523
94060,2021,661505,683996.7,22491.6875,3.400078230701204
94061,2021,7849159,7.603632e+06,245527.0,3.128067605714192
94062,2021,16620466,1.4840596e+07,1779870.0,10.708905514442254
94063,2021,3136764,3.2248552e+06,88091.25,2.8083480300079957
94065,2021,2708545,2.8949145e+06,186369.5,6.880797623816477
94066,2021,9131749,8.841993e+06,289756.0,3.1730613708283046
94070,2021,9803915,8.537477e+06,1266438.0,12.91767625484309
94080,2021,11803794,1.1387692e+07,416102.0,3.5251547087317854
94085,2021,2234666,2.347794e+06,113128.0,5.062412011459431
94086,2021,5766671,5.3231845e+06,443486.5,7.690511562043335
94087,2021,10191459,9.496739e+06,694720.0,6.816688366209392
94089,2021,2807217,2.8628972e+06,55680.25,1.9834679684541663
94102,2021,1773658,1.8200151e+06,46357.125,2.6136450770103368
94103,2021,2972905,3.1033642e+06,130459.25,4.3882751046535295
94105,2021,2480363,2.6312215e+06,150858.5,6.082113787377089
94107,2021,5583024,5.0250555e+06,557968.5,9.994019370147791
94108,2021,957676,1.02090475e+06,63228.75,6.602311220078606
94109,2021,7086334,6.8492815e+06,237052.5,3.3452064212609796
94110,2021,13628245,1.3062755e+07,565490.0,4.1493970793744905
94111,2021,576121,673260.8,97139.8125,16.86100879849893
94112,2021,15843414,1.4210809e+07,1632605.0,10.304628787709518
94114,2021,11333124,1.1299813e+07,33311.0,0.29392601722172984
94115,2021,9017497,8.452134e+06,565363.0,6.269622268795875
94116,2021,13948411,1.4805428e+07,857017.0,6.144190904612719
94117,2021,8244039,7.9409005e+06,303138.5,3.677062905694648
94118,2021,12306829,1.251755e+07,210721.0,1.712228227108705
94121,2021,12046346,1.2337374e+07,291028.0,2.4159027143998686
94122,2021,15773363,1.6093587e+07,320224.0,2.030156790279917
94123,2021,8585379,7.91194e+06,673439.0,7.844021795659807
94124,2021,5060133,4.807267e+06,252866.0,4.997220428791101
94127,2021,8938762,8.2205345e+06,718227.5,8.034977326837877
94131,2021,8902393,8.2519445e+06,650448.5,7.306445581541951
94132,2021,5063529,4.93766e+06,125869.0,2.485795973519654
94133,2021,3611469,3.5102962e+06,101172.75,2.8014292798858307
94134,2021,6736595,6.9002585e+06,163663.5,2.4294691902956913
94158,2021,830259,867630.2,37371.1875,4.501148135702233
94301,2021,6363902,6.7095255e+06,345623.5,5.430999723125844
94303,2021,7314493,7.613363e+06,298870.0,4.08599748471972
94304,2021,537352,565954.0,28602.0,5.322767943545386
94305,2021,919864,799395.06,120468.9375,13.096385715714497
94306,2021,6370412,6.4179805e+06,47568.5,0.7467099459187254
94401,2021,4788082,4.923273e+06,135191.0,2.823489656192187
94402,2021,8106626,7.580091e+06,526535.0,6.4951189311064805
94403,2021,9016460,8.907644e+06,108816.0,1.2068594548192972
94404,2021,6879515,6.984344e+06,104829.0,1.5237847435466019
94501,2021,11767158,1.1847494e+07,80336.0,0.6827137019830957
94502,2021,3514152,3.3618442e+06,152307.75,4.334125274034816
94503,2021,4531965,4.5633465e+06,31381.5,0.6924479778639068
94505,2021,5232958,4.829133e+06,403825.0,7.716954731912621
94506,2021,12172208,1.0767159e+07,1405049.0,11.543090620863527
94507,2021,10288418,8.190408e+06,2098010.0,20.391959191393664
94508,2021,1590234,1.5119704e+06,78263.625,4.921516267417248
94509,2021,12642011,1.2325429e+07,316582.0,2.5042060159574295
94510,2021,7660175,7.4254855e+06,234689.5,3.063761598135813
94511,2021,635553,705455.56,69902.5625,10.998699164349787
94513,2021,17125718,1.4454077e+07,2671641.0,15.600169289252575
94514,2021,448939,526926.56,77987.5625,17.371527646294933
94515,2021,3491732,3.2789252e+06,212806.75,6.094590020081724
94517,2021,4862054,5.329058e+06,467004.0,9.605076373071956
94518,2021,6320412,6.319325e+06,1087.0,0.017198245937131946
94519,2021,4321387,4.3769715e+06,55584.5,1.2862652662212386
94520,2021,4031445,4.0799688e+06,48523.75,1.2036317002960477
94521,2021,10997102,9.982569e+06,1014533.0,9.22545776150844
94523,2021,8260465,8.0737025e+06,186762.5,2.260919936105292
94525,2021,1066970,1.1427099e+06,75739.875,7.09859461840539
94526,2021,13430385,1.1402872e+07,2027513.0,15.096462238424287
94530,2021,7661949,7.511358e+06,150591.0,1.9654398639301827
94531,2021,10746194,9.772856e+06,973338.0,9.05751375789419
94533,2021,12641368,1.0981294e+07,1660074.0,13.132075579162002
94534,2021,12359100,1.1090596e+07,1268504.0,10.263724704873333
94536,2021,12721093,1.3210431e+07,489338.0,3.8466663202603737
94538,2021,8227716,8.300837e+06,73121.0,0.8887156532870119
94539,2021,14225099,1.4152594e+07,72505.0,0.5096976829475844
94541,2021,9366086,9.063045e+06,303041.0,3.235513746083476
94542,2021,5090380,5.1246965e+06,34316.5,0.6741441699833804
94544,2021,10295901,9.846834e+06,449067.0,4.361609537620845
94545,2021,5715112,5.339503e+06,375609.0,6.572207158844831
94546,2021,9921097,9.034215e+06,886882.0,8.939354186336452
94547,2021,6043217,5.765183e+06,278034.0,4.600761481839887
94549,2021,14842699,1.1475704e+07,3366995.0,22.68451984372923
94550,2021,13616361,1.1752537e+07,1863824.0,13.688121224165545
94551,2021,8403066,7.6246745e+06,778391.5,9.263184413879411
94552,2021,6324275,5.814694e+06,509581.0,8.057540192354065
94553,2021,13122368,1.1430884e+07,1691484.0,12.890082033974357
94555,2021,6522333,6.6570095e+06,134676.5,2.064851641276212
94556,2021,6750122,6.2580155e+06,492106.5,7.290334900613649
94558,2021,62124138,6.4707484e+07,2583346.0,4.158361118829528
94559,2021,5825614,5.4233345e+06,402279.5,6.905357958834897
94560,2021,8743753,8.2339475e+06,509805.5,5.830511223269917
94561,2021,9774486,9.276087e+06,498399.0,5.098979117674321
94563,2021,13470262,1.0016365e+07,3453897.0,25.640904386269547
94564,2021,4865781,4.9800255e+06,114244.5,2.3479170147608373
94565,2021,32723682,4.345451e+07,10730830.0,32.7922450780447
94566,2021,13935795,1.4596878e+07,661083.0,4.743776727484869
94567,2021,495285,666838.94,171553.9375,34.637418355088485
94568,2021,13900054,1.3758828e+07,141226.0,1.0160104413982853
94571,2021,3021190,3.0293298e+06,8139.75,0.2694219827286599
94572,2021,1802009,1.9157941e+06,113785.125,6.314348319015055
94574,2021,10849252,1.0124512e+07,724740.0,6.68009186255421
94577,2021,8534177,8.2934165e+06,240760.5,2.8211331918707567
94578,2021,5091708,4.845578e+06,246130.0,4.833937845610943
94579,2021,4076565,4.1974865e+06,120921.5,2.9662595837426853
94580,2021,5302927,4.982337e+06,320590.0,6.045529195480157
94582,2021,11266061,1.0457323e+07,808738.0,7.178533828283018
94583,2021,10618327,1.0071731e+07,546596.0,5.147665917615836
94585,2021,5742192,5.4380875e+06,304104.5,5.295965373501966
94586,2021,615701,592184.9,23516.125,3.819406660050902
94587,2021,12132695,1.3562757e+07,1430062.0,11.786845379365426
94588,2021,8043467,7.4489795e+06,594487.5,7.390936022986108
94589,2021,5145041,4.949323e+06,195718.0,3.8040124461593208
94590,2021,5883728,5.6718155e+06,211912.5,3.601670573486742
94591,2021,12432459,1.2746991e+07,314532.0,2.5299258980061787
94592,2021,259185,242847.08,16337.921875,6.303575390165326
94595,2021,5385052,5.0590165e+06,326035.5,6.054454070267103
94596,2021,5438863,5.078796e+06,360067.0,6.620262359982224
94597,2021,4545088,4.506475e+06,38613.0,0.8495545080755312
94598,2021,8187002,7.4188615e+06,768140.5,9.382439383793969
94599,2021,863674,822117.1,41556.875,4.811638998047874
94601,2021,5933446,5.9820355e+06,48589.5,0.8189086072410536
94602,2021,9659344,8.618429e+06,1040915.0,10.77624940161568
94603,2021,4486261,4.5662885e+06,80027.5,1.783835135762275
94605,2021,12298622,1.0840085e+07,1458537.0,11.859353023452545
94606,2021,4141817,4.2550305e+06,113213.5,2.7334259335938795
94607,2021,3081544,3.1906355e+06,109091.5,3.5401571420041384
94608,2021,5455095,5.1143945e+06,340700.5,6.245546594513936
94609,2021,4489962,4.549455e+06,59493.0,1.3250223498550766
94610,2021,8126739,8.1239825e+06,2756.5,0.03391889415914551
94611,2021,22110084,2.1449544e+07,660540.0,2.9875056105621307
94612,2021,1137258,1.201815e+06,64557.0,5.676548329402826
94618,2021,7648904,7.3016715e+06,347232.5,4.539637312744414
94619,2021,8564689,8.189631e+06,375058.0,4.379119895655289
94621,2021,3883210,3.7048022e+06,178407.75,4.594336901687006
94702,2021,4194648,4.171027e+06,23621.0,0.5631223406588586
94703,2021,4465045,4.2918985e+06,173146.5,3.877822060024031
94704,2021,1604783,1.5627048e+06,42078.25,2.6220523273240057
94705,2021,7249751,6.676075e+06,573676.0,7.913044185931352
94706,2021,4113007,4.132152e+06,19145.0,0.4654745299485267
94707,2021,6803291,6.5482755e+06,255015.5,3.7484138191354743
94708,2021,7365925,6.8833415e+06,482583.5,6.551566843268157
94709,2021,1812706,1.9250488e+06,112342.75,6.197516309870437
94710,2021,1305471,1.2944082e+06,11062.75,0.8474144580768167
94801,2021,3931174,3.8939398e+06,37234.25,0.9471534457645477
94803,2021,7555326,7.439876e+06,115450.0,1.5280611319749802
94804,2021,7067745,7.218138e+06,150393.0,2.1278781280309347
94805,2021,3712178,3.5974382e+06,114739.75,3.0909010828683323
94806,2021,8891236,8.970589e+06,79353.0,0.8924855891801771
94901,2021,11058392,1.0101054e+07,957338.0,8.657117599014395
94903,2021,8580990,8.073493e+06,507497.0,5.9142010420709035
94904,2021,5943626,5.3364295e+06,607196.5,10.215927112506742
94920,2021,7574824,7.3135535e+06,261270.5,3.4491956512784987
94924,2021,738375,796225.6,57850.625,7.83485694938209
94925,2021,3381754,3.2555292e+06,126224.75,3.732523122616252
94928,2021,8052193,8.126307e+06,74114.0,0.9204200644470395
94929,2021,311097,275574.25,35522.75,11.418544698277385
94930,2021,3774799,3.6367258e+06,138073.25,3.657764294204804
94931,2021,1943145,2.9821425e+06,1038997.5,53.469890306693536
94933,2021,468987,507992.5,39005.5,8.316968274173911
94937,2021,1790087,1.6513416e+06,138745.375,7.750761555164637
94938,2021,441312,507363.0,66051.0,14.966962149227758
94939,2021,2789473,2.8640098e+06,74536.75,2.67207282522541
94941,2021,15595376,1.5610717e+07,15341.0,0.09836890114095356
94945,2021,5558328,5.107274e+06,451054.0,8.114922329160855
94946,2021,574015,550608.44,23406.5625,4.0776917850578815
94947,2021,7235097,7.2064505e+06,28646.5,0.39593802266921924
94949,2021,4899098,4.7574515e+06,141646.5,2.8912771289735373
94951,2021,1528267,1.4693935e+06,58873.5,3.85230460384213
94952,2021,8710271,8.2591315e+06,451139.5,5.179396829329421
94954,2021,9033464,9.973397e+06,939933.0,10.405011853703074
94956,2021,617537,639400.8,21863.8125,3.5404862380715647
94957,2021,2109840,1.8571154e+06,252724.625,11.978378692223107
94960,2021,7079300,7.0099755e+06,69324.5,0.9792564236577062
94963,2021,437314,421633.7,15680.3125,3.5855958190224873
94965,2021,4289998,4.2518475e+06,38150.5,0.8892894588762046
94970,2021,724153,750088.25,25935.25,3.5814599953324784
94971,2021,91305,141043.98,49738.984375,54.475641394228134
94973,2021,887095,813471.2,73623.8125,8.29942818976547
95002,2021,253283,248391.58,4891.421875,1.9312081249037636
95003,2021,10638566,9.707234e+06,931332.0,8.754300156618852
95004,2021,1500837,1.3424128e+06,158424.25,10.555726571239916
95005,2021,2799976,3.0128368e+06,212860.75,7.602234804869756
95006,2021,12645870,1.237934e+07,266530.0,2.107644630223148
95007,2021,350196,356585.4,6389.40625,1.8245229100275275
95008,2021,8504805,8.710768e+06,205963.0,2.4217251306761294
95010,2021,2366209,2.5096702e+06,143461.25,6.062915406035561
95012,2021,1258596,1.3243092e+06,65713.25,5.2211551601943755
95014,2021,12733748,1.2548961e+07,184787.0,1.4511595486262174
95017,2021,221901,396830.44,174929.4375,78.83219881839199
95018,2021,3391706,3.3043908e+06,87315.25,2.574375550239319
95019,2021,669176,722720.94,53544.9375,8.00162251784284
95020,2021,13864717,1.4448847e+07,584130.0,4.213068322995702
95023,2021,11393807,1.1200894e+07,192913.0,1.6931390886294633
95030,2021,8154742,7.951899e+06,202843.0,2.487423881712015
95032,2021,9087171,8.2776105e+06,809560.5,8.908828721281905
95033,2021,7007488,7.088389e+06,80901.0,1.1544935931392248
95035,2021,10480373,1.2483535e+07,2003162.0,19.113460942659195
95037,2021,14201630,1.3236273e+07,965357.0,6.797508455015374
95039,2021,219624,214446.77,5177.234375,2.357317221706189
95041,2021,209196,187512.7,21683.296875,10.365062847759996
95043,2021,245554,277461.8,31907.8125,12.994214103618756
95045,2021,1351666,1.24396e+06,107706.0,7.968388640388972
95046,2021,1813008,1.8157945e+06,2786.5,0.1536948540767608
95050,2021,5240330,4.918627e+06,321703.0,6.138983613627387
95051,2021,8526455,8.973556e+06,447101.0,5.2436915459003774
95054,2021,2625162,2.8566875e+06,231525.5,8.819474760033858
95060,2021,12004708,1.2808772e+07,804064.0,6.69790552173364
95062,2021,8561690,8.36986e+06,191830.0,2.2405623188879766
95064,2021,109506,96522.77,12983.2265625,11.856178257355761
95065,2021,2903094,2.9559045e+06,52810.5,1.8191109209691452
95066,2021,6204298,5.5282495e+06,676048.5,10.896454361154156
95070,2021,14383193,1.4553036e+07,169843.0,1.180843502551902
95073,2021,4182151,4.1045918e+06,77559.25,1.8545301209831975
95075,2021,186344,192732.81,6388.8125,3.428504539990555
95076,2021,15214350,1.4583924e+07,630426.0,4.143627562137062
95110,2021,2017519,2.0548565e+06,37337.5,1.85066410774818
95111,2021,6131011,6.791694e+06,660683.0,10.776085705930067
95112,2021,5560498,5.1780525e+06,382445.5,6.877900144915078
95113,2021,146747,155549.08,8802.078125,5.998131563166538
95116,2021,4009773,4.352352e+06,342579.0,8.543600847230005
95117,2021,3301123,3.4098982e+06,108775.25,3.2950983650109373
95118,2021,6315013,6.19899e+06,116023.0,1.8372567087351996
95119,2021,2279687,2.250299e+06,29388.0,1.2891243403151398
95120,2021,13346858,1.1469137e+07,1877721.0,14.068636978081283
95121,2021,5566178,5.286907e+06,279271.0,5.017284750864956
95122,2021,4588597,4.7278815e+06,139284.5,3.035448525987355
95123,2021,11896164,1.1776131e+07,120033.0,1.0090059282975588
95124,2021,11295024,1.0462259e+07,832765.0,7.372848433079912
95125,2021,12587418,1.2273759e+07,313659.0,2.491845428506466
95126,2021,4650768,4.564621e+06,86147.0,1.852317724728475
95127,2021,9385280,9.929167e+06,543887.0,5.7951068055508195
95128,2021,5178626,4.9462205e+06,232405.5,4.487783052879277
95129,2021,6708416,6.8030915e+06,94675.5,1.4112944098875204
95130,2021,2556669,2.8710912e+06,314422.25,12.298121109928582
95131,2021,4101148,4.178173e+06,77025.0,1.8781326594407226
95132,2021,7117602,7.6968585e+06,579256.5,8.138365983374737
95133,2021,3463267,3.4944048e+06,31137.75,0.8990860363928049
95134,2021,1247717,1.343461e+06,95744.0,7.673534944222126
95135,2021,5014662,5.091263e+06,76601.0,1.527540639827769
95136,2021,7140317,7.0483075e+06,92009.5,1.2885912488199054
95138,2021,5431233,4.9541735e+06,477059.5,8.783631635763003
95139,2021,1442096,1.406745e+06,35351.0,2.4513624613063207
95148,2021,8602409,8.2264065e+06,376002.5,4.370897733413978
95202,2021,387212,373782.34,13429.65625,3.4682954686321703
95203,2021,2152704,2.3391315e+06,186427.5,8.660154856403853
95204,2021,5730889,5.775219e+06,44330.0,0.7735274579563485
95205,2021,3918270,4.125271e+06,207001.0,5.282969269601125
95206,2021,8373813,8.3745025e+06,689.5,0.008234002837178237
95207,2021,6413836,6.901694e+06,487858.0,7.606337299550534
95209,2021,8528879,8.657801e+06,128922.0,1.5115937276164897
95210,2021,4756320,4.8343335e+06,78013.5,1.6402071349278433
95212,2021,5342145,5.6961655e+06,354020.5,6.626935435110804
95215,2021,2980999,3.107575e+06,126576.0,4.246093339850164
95219,2021,6246095,7.092697e+06,846602.0,13.554100602056165
95220,2021,1668399,1.6633224e+06,5076.625,0.304281230089445
95222,2021,2818202,2.7599985e+06,58203.5,2.065270693867934
95223,2021,11806012,1.4062177e+07,2256165.0,19.11030583401067
95227,2021,209146,192170.78,16975.21875,8.116444373786733
95228,2021,3288200,3.3173382e+06,29138.25,0.8861459156985585
95230,2021,81888,112914.69,31026.6875,37.88917484857366
95231,2021,396192,345399.1,50792.90625,12.820275586079477
95232,2021,188560,153401.33,35158.671875,18.645880290093338
95236,2021,840180,755740.6,84439.375,10.050152943416887
95237,2021,714394,695763.3,18630.6875,2.607900892224739
95240,2021,6911877,6.9543595e+06,42482.5,0.6146304397488556
95242,2021,6135473,6.2276135e+06,92140.5,1.501766856442853
95245,2021,1214998,1.1436826e+06,71315.375,5.869587851173417
95246,2021,1099768,963248.25,136519.75,12.413504484582202
95247,2021,3830706,3.802734e+06,27972.0,0.7302048238627553
95249,2021,1440863,1.362501e+06,78362.0,5.438546204600993
95251,2021,439302,373334.9,65967.09375,15.01634268680771
95252,2021,6180966,5.6178525e+06,563113.5,9.110444872209296
95254,2021,373910,290931.88,82978.125,22.192004760503863
95255,2021,1405688,1.2312888e+06,174399.25,12.406682706261988
95258,2021,926818,1.043132e+06,116314.0,12.549821000455323
95301,2021,4962786,4.9419325e+06,20853.5,0.4201974455477226
95303,2021,59158,60309.54,1151.5390625,1.946548332431793
95304,2021,2879087,3.0378132e+06,158726.25,5.513075846613875
95307,2021,5751414,6.0051795e+06,253765.5,4.412228019057574
95310,2021,1074603,968225.8,106377.1875,9.899208126163801
95311,2021,1281828,1.0171658e+06,264662.1875,20.64724654945905
95313,2021,119295,81694.6,37600.3984375,31.518838541011778
95315,2021,1542953,1.7574151e+06,214462.125,13.8994593484053
95316,2021,1093943,1.1100842e+06,16141.25,1.4755110641048026
95317,2021,23315,45296.957,21981.95703125,94.28246635749518
95318,2021,142568,142660.23,92.234375,0.06469500519050558
95319,2021,185132,156594.02,28537.984375,15.41493873290409
95320,2021,2182925,2.3529618e+06,170036.75,7.789399544189562
95321,2021,16415061,1.213718e+07,4277881.0,26.06070729801126
95322,2021,1325488,1.2756128e+06,49875.25,3.7627839708846853
95323,2021,138221,76400.03,61820.96875,44.72617673870107
95324,2021,892050,886921.06,5128.9375,0.5749607645311361
95326,2021,1575244,1.7518299e+06,176585.875,11.210064916927156
95327,2021,2293466,2.398799e+06,105333.0,4.592743036085993
95328,2021,536398,591054.44,54656.4375,10.189530441947957
95329,2021,1285508,1.23191e+06,53598.0,4.169402290767541
95330,2021,4731524,4.6797935e+06,51730.5,1.0933158111424564
95333,2021,309592,263735.4,45856.59375,14.81194402633143
95334,2021,1805150,1.8252386e+06,20088.625,1.1128507326260977
95336,2021,8265926,8.1676985e+06,98227.5,1.1883423587387547
95337,2021,7342968,7.5369995e+06,194031.5,2.6424124413997174
95338,2021,6520665,9.139509e+06,2618844.0,40.16222271808167
95340,2021,5564908,5.6591575e+06,94249.5,1.6936398589159067
95341,2021,2709922,2.6991105e+06,10811.5,0.39895982245983463
95345,2021,444948,422951.94,21996.0625,4.943513062200527
95346,2021,1693779,1.692865e+06,914.0,0.05396217570296951
95348,2021,4177293,4.2031475e+06,25854.5,0.6189295316368758
95350,2021,8631415,8.667032e+06,35617.0,0.41264381332608846
95351,2021,4963334,4.934632e+06,28702.0,0.5782806476453126
95354,2021,3823323,3.7586152e+06,64707.75,1.6924479046107272
95355,2021,11036342,1.0338418e+07,697924.0,6.323870717308326
95356,2021,6473944,6.763738e+06,289794.0,4.47631304812028
95357,2021,2009669,2.106724e+06,97055.0,4.829402254799174
95358,2021,3795126,3.9053772e+06,110251.25,2.905074824920174
95360,2021,1928202,2.0336246e+06,105422.625,5.467405645259158
95361,2021,6376442,6.9165765e+06,540134.5,8.470781981550212
95363,2021,4822024,5.1754405e+06,353416.5,7.329214869108905
95365,2021,481438,531937.0,50499.0,10.489201101699491
95366,2021,3845490,3.880736e+06,35246.0,0.9165541972544461
95367,2021,4191516,4.39715e+06,205634.0,4.905957653507705
95368,2021,2494937,2.7597638e+06,264826.75,10.61456662031947
95369,2021,136516,120056.39,16459.609375,12.056908622432536
95370,2021,14988546,1.35981e+07,1390446.0,9.276723706222072
95372,2021,1005748,896560.7,109187.3125,10.85632907050275
95374,2021,169003,104717.28,64285.71875,38.03821159979409
95376,2021,8970859,8.673339e+06,297520.0,3.3165162890198143
95377,2021,7159080,8.899732e+06,1740652.0,24.31390625611112
95379,2021,1702084,1.6488155e+06,53268.5,3.129604649359256
95380,2021,4850237,4.892338e+06,42101.0,0.8680194390500918
95382,2021,6483128,6.8422205e+06,359092.5,5.538877220995791
95383,2021,5291320,5.3875495e+06,96229.5,1.818629377924601
95386,2021,1375313,1.2898399e+06,85473.125,6.21481255539648
95387,2021,20934,-8819.112,29753.1123046875,142.12817571743338
95388,2021,1338034,1.3536264e+06,15592.375,1.1653197900800727
95389,2021,1242132,1.4832795e+06,241147.5,19.413999478316317
95391,2021,4725897,4.778257e+06,52360.0,1.1079378158262865
95401,2021,6869569,7.0432575e+06,173688.5,2.528375506527411
95403,2021,9190288,9.039857e+06,150431.0,1.636847506846358
95404,2021,24856504,2.5219074e+07,362570.0,1.4586524315728389
95405,2021,5599331,5.35405e+06,245281.0,4.380541175365414
95407,2021,5636668,5.311978e+06,324690.0,5.76031797508741
95409,2021,8989962,8.917932e+06,72030.0,0.8012269684788433
95410,2021,592694,607214.2,14520.1875,2.4498624079204445
95415,2021,488149,504306.94,16157.9375,3.3100421182876536
95421,2021,1094947,910291.94,184655.0625,16.86429228994645
95422,2021,3889045,3.8584675e+06,30577.5,0.7862470092272011
95423,2021,3759912,6.6766985e+06,2916786.5,77.5759246493003
95425,2021,10826961,1.0080411e+07,746550.0,6.895286682939007
95426,2021,1122536,1.0985879e+06,23948.125,2.1333948309898303
95427,2021,279430,233722.1,45707.90625,16.35755153347887
95428,2021,555783,700659.6,144876.625,26.067120620817835
95436,2021,2210795,2.1899298e+06,20865.25,0.9437894513059781
95437,2021,4425997,4.4085895e+06,17407.5,0.39330121552273983
95439,2021,165601,169240.03,3639.03125,2.197469369146322
95441,2021,898243,748745.5,149497.5,16.643324801863194
95442,2021,2046701,1.7606478e+06,286053.25,13.97630870361621
95445,2021,1751662,1.6884888e+06,63173.25,3.6064748792860724
95446,2021,2618777,2.9991172e+06,380340.25,14.523582954944237
95448,2021,14188902,1.1408998e+07,2779904.0,19.592100925075105
95449,2021,392442,367821.56,24620.4375,6.273649991591114
95450,2021,484184,508551.34,24367.34375,5.032661911587331
95451,2021,6854603,6.8114225e+06,43180.5,0.6299489554683182
95452,2021,1063836,957448.6,106387.375,10.000354847927689
95453,2021,3970875,6.818956e+06,2848081.0,71.72426732143418
95454,2021,1100760,1.00621675e+06,94543.25,8.588906755332678
95456,2021,698523,685055.8,13467.1875,1.9279519070953999
95457,2021,5395476,4.695512e+06,699964.0,12.973164925578393
95458,2021,1165594,940430.94,225163.0625,19.317452088806224
95459,2021,345156,277554.56,67601.4375,19.58576339394361
95460,2021,1692014,1.5626455e+06,129368.5,7.645829171626239
95461,2021,1631487,1.5401614e+06,91325.625,5.597692473185505
95462,2021,832854,694700.3,138153.6875,16.58798390834408
95464,2021,789302,729150.4,60151.625,7.620863117032517
95465,2021,922564,850221.3,72342.6875,7.841481729180848
95466,2021,441768,354794.7,86973.3125,19.68755376125025
95467,2021,2816496,3.0694235e+06,252927.5,8.980218683072867
95468,2021,480873,535429.9,54556.875,11.345381212919003
95469,2021,863241,846079.06,17161.9375,1.988081833462498
95470,2021,6200835,4.7582335e+06,1442601.5,23.264632908309927
95471,2021,125023,94525.81,30497.1875,24.393261639858267
95472,2021,9683658,8.759923e+06,923735.0,9.539112182607028
95476,2021,24891754,2.0259032e+07,4632722.0,18.611472698950827
95482,2021,6670253,9.67847e+06,3008217.0,45.09899399617975
95485,2021,891344,791546.06,99797.9375,11.196343667540255
95490,2021,5036088,5.207839e+06,171751.0,3.4104050604357985
95492,2021,7302099,7.669353e+06,367254.0,5.02943057879659
95493,2021,100891,114108.445,13217.4453125,13.100717915869604
95497,2021,2013783,1.8726279e+06,141155.125,7.009450621045069
95501,2021,3781516,3.8201085e+06,38592.5,1.0205563059894498
95503,2021,5546537,5.2055715e+06,340965.5,6.147358252545688
95519,2021,4015377,4.1551738e+06,139796.75,3.4815348596159215
95521,2021,3373779,3.1365815e+06,237197.5,7.0306175952841015
95524,2021,585003,677844.8,92841.8125,15.870313912920105
95525,2021,465129,440855.6,24273.40625,5.218639613956558
95526,2021,277011,293889.44,16878.4375,6.093056773918725
95527,2021,265147,180402.06,84744.9375,31.961492115694313
95528,2021,341316,285773.0,55543.0,16.273189654162127
95531,2021,4391981,4.5532045e+06,161223.5,3.670860597985283
95536,2021,756279,735497.75,20781.25,2.7478285130223106
95537,2021,49446,15486.889,33959.111328125,68.67918805995428
95540,2021,2822384,2.907394e+06,85010.0,3.011992698371306
95542,2021,2789642,2.1800115e+06,609630.5,21.853359678410346
95546,2021,176815,138043.31,38771.6875,21.92782710742867
95547,2021,313736,272034.25,41701.75,13.291987530917716
95548,2021,214056,172083.84,41972.15625,19.608026053929812
95549,2021,420177,371281.28,48895.71875,11.63693366129036
95550,2021,97506,81212.12,16293.8828125,16.71064633202059
95551,2021,300202,244578.16,55623.84375,18.528805187840188
95552,2021,196643,149095.94,47547.0625,24.179382179889444
95553,2021,313892,265015.3,48876.6875,15.571179736979598
95555,2021,83962,63820.727,20141.2734375,23.988558440127676
95562,2021,689188,728103.44,38915.4375,5.64656341956041
95563,2021,452896,417792.03,35103.96875,7.750999953631739
95564,2021,40526,14889.153,25636.8466796875,63.26024448425085
95565,2021,128565,131789.16,3224.15625,2.5078024734570064
95567,2021,526598,553724.75,27126.75,5.151320362021885
95568,2021,38423,40652.52,2229.51953125,5.802564951331234
95570,2021,988541,932418.75,56122.25,5.677280962549859
95573,2021,807301,790366.9,16934.125,2.097622200393657
95585,2021,95869,82264.03,13604.96875,14.19120753319634
95589,2021,845306,755151.0,90155.0,10.66536851743629
95601,2021,158276,179959.02,21683.015625,13.699496844120398
95602,2021,10927877,9.624592e+06,1303285.0,11.926241483135287
95603,2021,10638482,1.0903148e+07,264666.0,2.487817340857464
95605,2021,1626015,1.7620422e+06,136027.25,8.365682358403829
95608,2021,11983055,1.3482333e+07,1499278.0,12.511650826938538
95610,2021,6979701,7.2215115e+06,241810.5,3.464482217791278
95612,2021,204091,175464.02,28626.984375,14.026578523795758
95614,2021,2749169,2.9252e+06,176031.0,6.4030621616932235
95615,2021,89885,63814.133,26070.8671875,29.00469175891417
95616,2021,6469044,6.530595e+06,61551.0,0.9514697998653279
95618,2021,5146264,4.816267e+06,329997.0,6.412360500743841
95619,2021,1683341,1.7883886e+06,105047.625,6.240424548561462
95620,2021,3892576,3.8596848e+06,32891.25,0.8449738682045
95621,2021,7260735,7.6466525e+06,385917.5,5.315129942078867
95623,2021,2559555,2.608746e+06,49191.0,1.921857510387548
95624,2021,14013470,1.2728767e+07,1284703.0,9.167629430826198
95626,2021,1130859,1.1103694e+06,20489.625,1.8118638132605391
95627,2021,593741,670370.3,76629.3125,12.906185104279475
95628,2021,10281573,9.468925e+06,812648.0,7.903926762957381
95630,2021,17161468,2.2493468e+07,5332000.0,31.069603136514896
95631,2021,4945901,4.9039635e+06,41937.5,0.8479243721214801
95632,2021,5742987,5.463424e+06,279563.0,4.867902365093286
95633,2021,2353050,2.3134812e+06,39568.75,1.681594101272816
95634,2021,2171899,2.0416651e+06,130233.875,5.996313594692939
95635,2021,904153,925576.7,21423.6875,2.369475907285603
95636,2021,1295934,1.2361196e+06,59814.375,4.615541763700929
95638,2021,588510,617311.2,28801.1875,4.893916416033712
95640,2021,2913804,3.00555e+06,91746.0,3.1486675150421926
95641,2021,431197,498922.62,67725.625,15.706423050253132
95642,2021,3339953,3.4147508e+06,74797.75,2.2394851065269483
95645,2021,195185,173066.88,22118.125,11.331877449599098
95646,2021,651152,691718.9,40566.875,6.230016186696808
95648,2021,27484388,4.2801476e+07,15317088.0,55.73014032548224
95650,2021,5562388,5.2512045e+06,311183.5,5.594422755118845
95655,2021,824801,799583.9,25217.125,3.057358684094709
95658,2021,3189996,3.209952e+06,19956.0,0.6255807217313125
95659,2021,158590,134304.06,24285.9375,15.313662589066146
95660,2021,3869077,3.7766518e+06,92425.25,2.3888190904445685
95661,2021,6736578,6.8515135e+06,114935.5,1.7061407141726854
95662,2021,6919280,6.9859895e+06,66709.5,0.9641104276745558
95663,2021,1119511,1.2288131e+06,109302.125,9.763381065483054
95664,2021,1383388,1.276382e+06,107006.0,7.73506781900667
95665,2021,3385332,3.3779618e+06,7370.25,0.21771129094576247
95666,2021,5755420,5.5869605e+06,168459.5,2.9269714460456404
95667,2021,23364506,2.4604816e+07,1240310.0,5.308522251658135
95668,2021,143340,145517.05,2177.046875,1.5187992709641414
95669,2021,1154618,1.2744272e+06,119809.25,10.376527128452874
95670,2021,8532401,8.3209435e+06,211457.5,2.478288350488919
95672,2021,2907038,3.2780828e+06,371044.75,12.763670443936407
95673,2021,2640295,2.8207862e+06,180491.25,6.836025898621177
95674,2021,152633,134517.92,18115.078125,11.868388962413109
95677,2021,5655145,5.317427e+06,337718.0,5.971871631938703
95678,2021,7409301,7.422534e+06,13233.0,0.1785998436289739
95681,2021,277496,273061.3,4434.6875,1.5981086213855336
95682,2021,12482686,1.3919414e+07,1436728.0,11.50976640764656
95683,2021,2550088,2.7711272e+06,221039.25,8.66790675459043
95684,2021,3110618,3.1605835e+06,49965.5,1.606288525302689
95685,2021,2973681,3.0838428e+06,110161.75,3.704558424390511
95686,2021,142908,71553.03,71354.96875,49.93070279480505
95687,2021,12438500,1.1669427e+07,769073.0,6.183004381557262
95688,2021,20235416,2.2513364e+07,2277948.0,11.257233357594428
95689,2021,1541945,1.407964e+06,133981.0,8.689090726322924
95690,2021,353759,355905.47,2146.46875,0.6067601813664104
95691,2021,6992963,6.9035185e+06,89444.5,1.2790643965941189
95692,2021,901163,827259.94,73903.0625,8.200854063027444
95693,2021,2621995,2.8512922e+06,229297.25,8.745144441541651
95694,2021,2039078,2.0187004e+06,20377.625,0.9993548554787997
95695,2021,6244607,6.535155e+06,290548.0,4.652782793216611
95701,2021,989915,1.034824e+06,44909.0,4.536652136799624
95703,2021,1151968,1.0448543e+06,107113.6875,9.298321437748271
95709,2021,3515531,3.5619905e+06,46459.5,1.3215500019769417
95713,2021,6306350,5.996529e+06,309821.0,4.912841818167403
95714,2021,370667,289407.28,81259.71875,21.922566279167015
95715,2021,314641,254047.77,60593.234375,19.257895307668104
95722,2021,4639672,4.7152705e+06,75598.5,1.6293931984847205
95726,2021,7880342,7.8158955e+06,64446.5,0.8178134908358038
95728,2021,2020487,1.8286559e+06,191831.125,9.494301373876695
95735,2021,751006,651336.2,99669.8125,13.271506818853645
95742,2021,3246711,3.1986918e+06,48019.25,1.4790121449060296
95746,2021,9986165,9.277379e+06,708786.0,7.097679639781639
95747,2021,16780681,3.366381e+07,16883127.0,100.61049965731425
95757,2021,10325568,9.600925e+06,724643.0,7.017948068329026
95758,2021,12594877,1.2636526e+07,41649.0,0.3306820701782161
95762,2021,19273053,1.7357854e+07,1915199.0,9.937185354079606
95765,2021,8281537,7.9091515e+06,372385.5,4.4965747300289785
95776,2021,4108094,4.0503782e+06,57715.75,1.4049276866595555
95811,2021,762047,708794.1,53252.875,6.9881352462512165
95814,2021,660786,655380.44,5405.5625,0.8180503975568489
95815,2021,2640626,2.7352588e+06,94632.75,3.5837240866370323
95816,2021,3169240,3.128196e+06,41044.0,1.2950738978430159
95817,2021,2391074,2.615832e+06,224758.0,9.399876373545945
95818,2021,4951619,4.9460485e+06,5570.5,0.1124985585522634
95819,2021,4913567,4.8146085e+06,98958.5,2.0139849522760147
95820,2021,5581161,5.8481825e+06,267021.5,4.784336090644939
95821,2021,5219100,4.9747935e+06,244306.5,4.681008219808013
95822,2021,7666572,7.7462775e+06,79705.5,1.039649793936586
95823,2021,8695798,8.964717e+06,268919.0,3.0925166384959724
95824,2021,2795574,3.012343e+06,216769.0,7.754006869430034
95825,2021,2849799,2.973075e+06,123276.0,4.325778765449774
95826,2021,6262092,6.638554e+06,376462.0,6.011760925901441
95827,2021,3020519,3.049649e+06,29130.0,0.9644037994794935
95828,2021,8475877,8.3406355e+06,135241.5,1.5956047970021272
95829,2021,5759308,6.0468675e+06,287559.5,4.992952278294545
95830,2021,230903,211790.38,19112.625,8.277339402259823
95831,2021,9819238,9.378744e+06,440494.0,4.486030382398308
95832,2021,1358842,1.3014061e+06,57435.875,4.226825120212652
95833,2021,5110441,5.1181145e+06,7673.5,0.15015338206624437
95834,2021,4436753,4.56653e+06,129777.0,2.9250445089009913
95835,2021,7845689,7.6516985e+06,193990.5,2.4725744290909315
95837,2021,108044,134367.27,26323.265625,24.363468239791196
95838,2021,4410592,4.4864625e+06,75870.5,1.7201885823943817
95841,2021,2416730,2.6921132e+06,275383.25,11.394870341328986
95842,2021,4033799,3.9345558e+06,99243.25,2.460292394340918
95843,2021,7112337,7.0399105e+06,72426.5,1.0183221070655117
95864,2021,7124351,7.180278e+06,55927.0,0.7850118558167615
95901,2021,34778082,4.9961596e+07,15183514.0,43.65828454829683
95903,2021,14634,56130.56,41496.55859375,283.5626526838185
95912,2021,716222,720098.0,3876.0,0.5411729882634155
95914,2021,335197,294407.94,40789.0625,12.168683639770046
95916,2021,634408,1.1563521e+06,521944.125,82.27262660622186
95917,2021,638339,650372.56,12033.5625,1.8851366593612484
95918,2021,1326816,2.1492888e+06,822472.75,61.98845582205822
95922,2021,408502,315143.72,93358.28125,22.85381252723365
95923,2021,340998,305411.66,35586.34375,10.435939140405516
95926,2021,6838804,7.081886e+06,243082.0,3.5544519187857997
95928,2021,7784281,7.400066e+06,384215.0,4.935780196012965
95932,2021,1144776,1.176144e+06,31368.0,2.7400993731524768
95935,2021,469847,436160.28,33686.71875,7.169720941072306
95938,2021,1037692,1.0885011e+06,50809.125,4.89635893887589
95939,2021,84640,119038.914,34398.9140625,40.641439109758984
95942,2021,1702465,1.6031656e+06,99299.375,5.832682316523393
95943,2021,45159,64521.426,19362.42578125,42.876117232998965
95945,2021,12904694,1.4153042e+07,1248348.0,9.673596289846161
95946,2021,6908406,6.57725e+06,331156.0,4.7935225578809355
95947,2021,1258284,1.6740654e+06,415781.375,33.043523958025375
95948,2021,1877185,1.8139796e+06,63205.375,3.3670296214811004
95949,2021,15341616,1.4116664e+07,1224952.0,7.984504370334912
95951,2021,343181,261249.58,81931.421875,23.8741136237146
95953,2021,1619492,1.6540319e+06,34539.875,2.132759840740183
95954,2021,5052426,8.703798e+06,3651372.0,72.2696779725225
95955,2021,166311,132480.08,33830.921875,20.34196287377263
95956,2021,427761,392093.1,35667.90625,8.338279144195006
95957,2021,106816,96855.59,9960.40625,9.324826102831036
95959,2021,15301011,1.7849888e+07,2548877.0,16.658226047938925
95960,2021,476207,418090.0,58117.0,12.204146516115891
95961,2021,13181895,1.3907932e+07,726037.0,5.507834799169618
95962,2021,788174,682177.0,105997.0,13.448426362706712
95963,2021,2598467,2.787206e+06,188739.0,7.263474964277014
95965,2021,4429157,7.0296345e+06,2600477.5,58.712696343796345
95966,2021,11089456,2.6337364e+07,15247908.0,137.4991523479601
95968,2021,372429,269663.72,102765.28125,27.593254351836187
95969,2021,4181773,4.324182e+06,142409.0,3.4054694025715886
95970,2021,88658,74290.695,14367.3046875,16.205311068939068
95971,2021,3029914,3.0177525e+06,12161.5,0.4013810292965411
95973,2021,8665513,8.428433e+06,237080.0,2.735902652272289
95975,2021,1206859,1.0022389e+06,204620.125,16.954766464019407
95977,2021,2114050,1.8990399e+06,215010.125,10.170531680896856
95979,2021,260752,286947.72,26195.71875,10.046219683837517
95982,2021,634455,630762.3,3692.6875,0.5820251239252586
95987,2021,848489,1.1874605e+06,338971.5,39.95001703027381
95988,2021,1417744,2.132503e+06,714759.0,50.41523716552495
95991,2021,5891147,5.5837465e+06,307400.5,5.218007630772072
95993,2021,6886675,6.9655865e+06,78911.5,1.1458577615467551
96001,2021,21642886,2.458317e+07,2940284.0,13.585452513126024
96002,2021,8094615,7.465559e+06,629056.0,7.771289925462792
96003,2021,14637019,1.6558684e+07,1921665.0,13.12880033837491
96006,2021,178970,127845.01,51124.9921875,28.566235786724032
96007,2021,18375702,2.5336692e+07,6960990.0,37.88149154791474
96008,2021,785599,705804.6,79794.375,10.157138056438463
96009,2021,113298,92203.69,21094.3125,18.618433246835778
96013,2021,1403956,1.3425715e+06,61384.5,4.372252406770583
96016,2021,299376,230833.88,68542.125,22.894996592913262
96019,2021,3080391,3.0553232e+06,25067.75,0.8137846786333293
96020,2021,2484225,2.4319698e+06,52255.25,2.103482977588584
96021,2021,2586777,2.542539e+06,44238.0,1.7101590125472739
96022,2021,6022974,7.06081e+06,1037836.0,17.231288064667055
96023,2021,480556,488371.72,7815.71875,1.6263908368639657
96024,2021,730368,566334.8,164033.1875,22.458977871429198
96025,2021,1099417,950994.56,148422.4375,13.500103918713283
96027,2021,847114,693479.56,153634.4375,18.13621749847128
96028,2021,646856,632114.6,14741.375,2.2789268399767493
96031,2021,50358,31490.895,18867.10546875,37.46595470183486
96032,2021,2033336,2.252784e+06,219448.0,10.792510436051888
96034,2021,109592,63690.832,45901.16796875,41.88368491199175
96035,2021,1124022,900445.56,223576.4375,19.89075280555007
96038,2021,130727,63591.168,67135.83203125,51.35575055745944
96039,2021,513850,441363.75,72486.25,14.10649995134767
96041,2021,904152,769415.1,134736.875,14.902015922101594
96044,2021,429717,409432.16,20284.84375,4.720512279011536
96047,2021,430890,1.02323106e+06,592341.0625,137.46920617791082
96048,2021,446846,413970.28,32875.71875,7.3572816473684455
96050,2021,233167,266230.28,33063.28125,14.180086054201496
96051,2021,2482888,2.146242e+06,336646.0,13.558646221658005
96052,2021,923882,850563.94,73318.0625,7.935868704011984
96054,2021,78923,32988.395,45934.60546875,58.2017985489021
96055,2021,833886,689946.75,143939.25,17.2612623308222
96056,2021,529433,486467.3,42965.6875,8.115415453891238
96057,2021,1006202,834609.7,171592.3125,17.053465656001478
96058,2021,138485,126113.414,12371.5859375,8.933520552767447
96062,2021,663233,752616.3,89383.3125,13.476909698401618
96064,2021,2919082,4.379405e+06,1460323.0,50.02678924401576
96065,2021,339080,355889.5,16809.5,4.957384687979238
96067,2021,3394177,3.4053092e+06,11132.25,0.32798083305614295
96069,2021,636353,654729.0,18376.0,2.887705408790404
96073,2021,2380371,2.2686738e+06,111697.25,4.692430297630076
96075,2021,121679,135491.78,13812.78125,11.35182015795659
96080,2021,14807778,1.8195286e+07,3387508.0,22.876545015734298
96084,2021,241986,264267.38,22281.375,9.20771242964469
96086,2021,185125,177147.6,7977.40625,4.309199864956111
96087,2021,323639,299716.06,23922.9375,7.3918586758703375
96088,2021,3737404,3.5200175e+06,217386.5,5.816510604687104
96090,2021,105685,87578.79,18106.2109375,17.13224292709467
96091,2021,1067111,1.2315424e+06,164431.375,15.40902258527932
96093,2021,1535133,1.379083e+06,156050.0,10.16524301151757
96094,2021,2649925,2.7028762e+06,52951.25,1.998216930667849
96096,2021,627664,552089.1,75574.875,12.040657899768028
96097,2021,2822049,4.839959e+06,2017910.0,71.5051368704087
96101,2021,2491206,2.4849045e+06,6301.5,0.2529497761325238
96103,2021,2482013,2.2576895e+06,224323.5,9.037966360369587
96104,2021,146073,95729.13,50343.8671875,34.46486837916658
96107,2021,254179,184894.14,69284.859375,27.25829410572864
96109,2021,356062,421671.0,65609.0,18.426285309861765
96110,2021,38183,26768.559,11414.44140625,29.89404029607417
96112,2021,41222,51615.496,10393.49609375,25.213468763645626
96113,2021,194459,166134.84,28324.15625,14.565618587979987
96114,2021,1763932,1.6436931e+06,120238.875,6.816525523659641
96117,2021,108027,112125.7,4098.703125,3.7941469493737676
96118,2021,651910,663618.94,11708.9375,1.7960972373487138
96120,2021,1894240,1.5012624e+06,392977.625,20.74592580665597
96122,2021,2150955,1.9355049e+06,215450.125,10.0164868628121
96125,2021,602461,582106.06,20354.9375,3.3786315628729495
96128,2021,156216,118095.24,38120.7578125,24.402595004673017
96130,2021,15043068,1.6645405e+07,1602337.0,10.65166361010932
96134,2021,296403,379282.34,82879.34375,27.961708805241514
96137,2021,4979681,4.8717395e+06,107941.5,2.1676388507617257
96140,2021,3198021,3.1651258e+06,32895.25,1.0286126951636654
96141,2021,2427512,2.0920918e+06,335420.25,13.817449718065244
96142,2021,3093548,3.1395015e+06,45953.5,1.4854626467732195
96143,2021,2613465,2.7376048e+06,124139.75,4.750006217798976
96145,2021,7901370,7.389073e+06,512297.0,6.4836477724749
96146,2021,3676645,3.5316668e+06,144978.25,3.9432213335799347
96148,2021,1621835,1.4705098e+06,151325.25,9.330496012233057
96150,2021,23960306,2.5948498e+07,1988192.0,8.297857297815812
96161,2021,30311820,2.8083026e+07,2228794.0,7.352887421474527
