ZIP,Actual_Premium,Predicted_Premium,Absolute_Error
90001,2920091,3.0915678e+06,171476.75
90002,2997307,3.1665078e+06,169200.75
90003,4112042,4.337506e+06,225464.0
90004,6329156,6.653301e+06,324145.0
90005,2256171,2.418723e+06,162552.0
90006,1873273,1.839845e+06,33428.0
90007,1772890,1.8166635e+06,43773.5
90008,4056489,4.0183585e+06,38130.5
90010,284969,398717.16,113748.15625
90011,5028225,5.067907e+06,39682.0
90012,1167297,1.3199555e+06,152658.5
90013,619441,681848.4,62407.375
90014,395720,426226.62,30506.625
90015,1585960,1.657111e+06,71151.0
90016,4611492,4.638061e+06,26569.0
90017,778139,896951.0,118812.0
90018,4236611,4.3650855e+06,128474.5
90019,7065453,7.082803e+06,17350.0
90020,2849606,3.0256225e+06,176016.5
90021,145788,233619.38,87831.375
90022,3239625,3.215354e+06,24271.0
90023,1980048,2.0236882e+06,43640.25
90024,9522368,8.421756e+06,1100612.0
90025,4757834,4.2944495e+06,463384.5
90026,6638904,6.603731e+06,35173.0
90027,8520369,7.6583585e+06,862010.5
90028,1414087,1.5025526e+06,88465.625
90029,1630424,1.7984265e+06,168002.5
90031,2694989,2.9387242e+06,243735.25
90032,3722228,3.7425058e+06,20277.75
90033,1803531,1.7595428e+06,43988.25
90034,5092690,5.003112e+06,89578.0
90035,5526485,5.425402e+06,101083.0
90036,6102320,6.4934505e+06,391130.5
90037,3475387,3.5889632e+06,113576.25
90038,1549960,1.462613e+06,87347.0
90039,5314646,5.0474595e+06,267186.5
90040,749637,818699.7,69062.6875
90041,4277275,4.22667e+06,50605.0
90042,6263387,6.314889e+06,51502.0
90043,6084566,6.4079505e+06,323384.5
90044,6091511,6.4450485e+06,353537.5
90045,6647514,6.866435e+06,218921.0
90046,17496189,1.9398006e+07,1901817.0
90047,5833369,6.214487e+06,381118.0
90048,5375846,5.4242135e+06,48367.5
90049,28382316,2.8786074e+07,403758.0
90051,0,-1793.9835,1793.9835205078125
90056,2328045,2.703356e+06,375311.0
90057,500118,625527.6,125409.625
90058,59318,41535.734,17782.265625
90059,2696932,2.9001802e+06,203248.25
90060,0,-1651.1407,1651.1407470703125
90061,1847369,1.8567961e+06,9427.125
90062,3077485,3.199407e+06,121922.0
90063,3057419,3.1764518e+06,119032.75
90064,6897406,6.835754e+06,61652.0
90065,6971503,6.82011e+06,151393.0
90066,8271011,7.7041195e+06,566891.5
90067,1685288,1.7074274e+06,22139.375
90068,15192175,1.6101454e+07,909279.0
90069,11948191,1.0076924e+07,1871267.0
90071,737,11486.551,10749.55078125
90073,54,11030.504,10976.50390625
90077,18992616,1.836361e+07,629006.0
90078,0,-1651.1407,1651.1407470703125
90079,561,-669.1966,1230.1965942382812
90082,0,-1793.9835,1793.9835205078125
90084,38,-125.63631,163.6363067626953
90088,2646,965.16473,1680.8352661132812
90089,3705,-3655.3416,7360.341552734375
90094,1365567,1.386682e+06,21115.0
90095,1113,-1377.3221,2490.3221435546875
90096,89,-304.3502,393.3501892089844
90201,3818358,3.946092e+06,127734.0
90210,44387779,3.443949e+07,9948291.0
90211,2125199,2.2995968e+06,174397.75
90212,3043950,3.1117248e+06,67774.75
90213,943,7589.782,6646.7822265625
90220,4496335,4.544091e+06,47756.0
90221,3542659,3.693053e+06,150394.0
90222,2284211,2.52942e+06,245209.0
90224,115,-1134.1847,1249.1846923828125
90230,4133633,4.15494e+06,21307.0
90231,146,-3444.07,3590.070068359375
90232,2443756,2.6979145e+06,254158.5
90240,3368545,3.4686725e+06,100127.5
90241,4149215,4.0434158e+06,105799.25
90242,3342381,3.4575465e+06,115165.5
90245,2594493,2.7320722e+06,137579.25
90247,3151463,3.301471e+06,150008.0
90248,1068754,1.126518e+06,57764.0
90249,2499243,2.7457145e+06,246471.5
90250,6457541,6.652389e+06,194848.0
90254,5219642,5.0121285e+06,207513.5
90255,3363045,3.475337e+06,112292.0
90260,2701969,2.8756252e+06,173656.25
90261,327,345.86682,18.8668212890625
90262,3698057,3.9966815e+06,298624.5
90263,1632,-10752.105,12384.10546875
90264,33983,32284.61,1698.390625
90265,118086710,4.995195e+07,68134758.0
90266,13336639,1.1193006e+07,2143633.0
90270,1195801,1.1991125e+06,3311.5
90272,23275906,2.6695866e+07,3419960.0
90274,12368213,9.262761e+06,3105452.0
90275,11878662,1.0378664e+07,1499998.0
90277,6520175,6.8157105e+06,295535.5
90278,6281836,6.5980075e+06,316171.5
90280,5637082,5.846863e+06,209781.0
90290,6522625,7.2244465e+06,701821.5
90291,6654233,6.9430315e+06,288798.5
90292,4239777,4.0903758e+06,149401.25
90293,2557877,2.7681788e+06,210301.75
90294,5368,5173.9365,194.0634765625
90301,2008102,2.128545e+06,120443.0
90302,2009630,2.0579979e+06,48367.875
90303,1889765,2.0101702e+06,120405.25
90304,1513240,1.657805e+06,144565.0
90305,2439316,2.6871098e+06,247793.75
90401,563720,804145.75,240425.75
90402,9404750,8.80286e+06,601890.0
90403,3642170,3.7963472e+06,154177.25
90404,1764379,1.9061002e+06,141721.25
90405,4995450,5.0071365e+06,11686.5
90408,0,-125.63631,125.63630676269531
90409,106,-125.63631,231.6363067626953
90501,4124159,4.0242325e+06,99926.5
90502,1723501,1.7328964e+06,9395.375
90503,4751522,4.34884e+06,402682.0
90504,3381462,3.5738758e+06,192413.75
90505,5172316,4.863163e+06,309153.0
90506,16,-2905.315,2921.31494140625
90509,46,2803.6858,2757.685791015625
90601,5390915,5.3866795e+06,4235.5
90602,2772922,2.8911462e+06,118224.25
90603,3550973,3.6596115e+06,108638.5
90604,4508648,4.5664745e+06,57826.5
90605,5163907,5.066e+06,97907.0
90606,3139856,3.3071515e+06,167295.5
90607,19,-2167.243,2186.242919921875
90608,0,-3335.388,3335.387939453125
90620,5354828,5.289947e+06,64881.0
90621,2693259,2.8195298e+06,126270.75
90623,2304432,2.6097662e+06,305334.25
90630,6228662,6.5251255e+06,296463.5
90631,10480437,9.464206e+06,1016231.0
90638,6751313,6.867201e+06,115888.0
90639,736,-4364.6465,5100.646484375
90640,4822556,5.114232e+06,291676.0
90650,8675585,8.642415e+06,33170.0
90660,5674011,5.812591e+06,138580.0
90670,1602612,1.792776e+06,190164.0
90680,1925715,2.0849539e+06,159238.875
90701,1619208,1.8045226e+06,185314.625
90703,7137843,6.8652945e+06,272548.5
90704,914344,842099.0,72245.0
90706,5484334,5.260356e+06,223978.0
90710,2748717,2.9529618e+06,204244.75
90712,3960126,3.9427412e+06,17384.75
90713,3742775,3.8427418e+06,99966.75
90715,1592234,1.7266745e+06,134440.5
90716,753495,767948.7,14453.6875
90717,2460299,2.6738312e+06,213532.25
90720,3802675,3.9059255e+06,103250.5
90723,2731233,2.9135328e+06,182299.75
90731,5687102,5.687567e+06,465.0
90732,3375968,3.4781025e+06,102134.5
90734,0,-2167.243,2167.242919921875
90740,4122562,4.118707e+06,3855.0
90742,392316,335595.72,56720.28125
90743,164640,214888.06,50248.0625
90744,3637264,3.630438e+06,6826.0
90745,5219622,5.0134595e+06,206162.5
90746,4706174,4.6791945e+06,26979.5
90755,1315685,1.3251261e+06,9441.125
90801,0,-3335.388,3335.387939453125
90802,2702515,2.9526552e+06,250140.25
90803,6437328,6.8807915e+06,443463.5
90804,2386197,2.640735e+06,254538.0
90805,6207346,6.575388e+06,368042.0
90806,2980457,3.2230028e+06,242545.75
90807,4622995,4.362108e+06,260887.0
90808,6057168,6.234132e+06,176964.0
90810,3128327,3.2969505e+06,168623.5
90813,2098070,2.3214985e+06,223428.5
90814,2537481,2.796351e+06,258870.0
90815,5941174,5.7498485e+06,191325.5
91001,10189168,9.882368e+06,306800.0
91006,7639080,6.8988945e+06,740185.5
91007,5691042,5.40406e+06,286982.0
91008,1117165,920323.56,196841.4375
91010,3119852,3.2184732e+06,98621.25
91011,11168298,1.0225355e+07,942943.0
91012,228,-114.412544,342.4125442504883
91016,6582963,6.7269395e+06,143976.5
91020,839156,849821.44,10665.4375
91021,0,-1290.309,1290.3089599609375
91023,7977,30445.201,22468.201171875
91024,3676848,3.5546775e+06,122170.5
91025,41,-114.412544,155.41254425048828
91030,4565736,4.2054325e+06,360303.5
91031,827,-1260.7606,2087.7606201171875
91040,5700816,5.641438e+06,59378.0
91041,1400,7108.796,5708.7958984375
91042,5652514,5.483326e+06,169188.0
91046,466,-704.76825,1170.7682495117188
91066,0,-1147.4686,1147.4686279296875
91077,0,-114.412544,114.41254425048828
91101,1312613,1.3628485e+06,50235.5
91103,4459793,4.299484e+06,160309.0
91104,5517969,5.42407e+06,93899.0
91105,4807004,4.6939785e+06,113025.5
91106,4063712,4.0816672e+06,17955.25
91107,7954259,7.0394535e+06,914805.5
91108,5056605,5.0266915e+06,29913.5
91109,0,-1147.4686,1147.4686279296875
91117,120,-114.412544,234.41254425048828
91124,105,-114.412544,219.41254425048828
91125,145,-2671.757,2816.757080078125
91126,123,-4311.486,4434.48583984375
91130,26,1463.0162,1437.0162353515625
91188,0,-1290.309,1290.3089599609375
91201,2783254,2.9820985e+06,198844.5
91202,4110800,3.948754e+06,162046.0
91203,891941,949336.94,57395.9375
91204,679071,737022.9,57951.875
91205,2078985,2.3444365e+06,265451.5
91206,6440173,6.682111e+06,241938.0
91207,3762661,3.6625718e+06,100089.25
91208,6182095,6.22569e+06,43595.0
91209,0,-2315.6147,2315.61474609375
91210,51875,52990.418,1115.41796875
91214,6913478,6.18331e+06,730168.0
91301,10766470,1.1247491e+07,481021.0
91302,20440233,2.63814e+07,5941167.0
91303,1798485,1.8306019e+06,32116.875
91304,8663025,8.48075e+06,182275.0
91305,0,-1290.309,1290.3089599609375
91306,6169729,6.1134225e+06,56306.5
91307,8597488,7.8931245e+06,704363.5
91308,0,-1147.4686,1147.4686279296875
91310,3809,-1985.4309,5794.430908203125
91311,20755928,1.3741095e+07,7014833.0
91316,9243251,8.2376635e+06,1005587.5
91319,8,-1716.756,1724.7559814453125
91320,12534552,1.0037494e+07,2497058.0
91321,5905799,5.7392965e+06,166502.5
91324,4895324,5.045452e+06,150128.0
91325,6306512,6.551229e+06,244717.0
91326,14193751,1.3448988e+07,744763.0
91328,137,357.09064,220.09063720703125
91329,122,-114.412544,236.41254425048828
91330,1158,-5919.4995,7077.49951171875
91331,7350268,7.3429215e+06,7346.5
91334,834,3434.8743,2600.874267578125
91335,8679538,8.558782e+06,120756.0
91337,0,-114.412544,114.41254425048828
91340,2891640,3.1501042e+06,258464.25
91342,12092955,1.2001161e+07,91794.0
91343,7073254,7.1240695e+06,50815.5
91344,13117235,1.3355959e+07,238724.0
91345,2527942,2.7055872e+06,177645.25
91350,10587397,9.861539e+06,725858.0
91351,6113585,5.9787825e+06,134802.5
91352,5475342,5.43761e+06,37732.0
91354,7817616,6.936202e+06,881414.0
91355,5931982,5.450033e+06,481949.0
91356,12418620,1.1110724e+07,1307896.0
91357,1130,357.09064,772.9093627929688
91360,9321044,8.660795e+06,660249.0
91361,10858602,9.316846e+06,1541756.0
91362,26600834,1.8417834e+07,8183000.0
91364,11884826,1.0320513e+07,1564313.0
91365,309,-1147.4686,1456.4686279296875
91367,10147115,9.712971e+06,434144.0
91377,4793564,4.522343e+06,271221.0
91380,78,-114.412544,192.41254425048828
91381,6464377,6.61671e+06,152333.0
91383,0,-2315.6147,2315.61474609375
91384,12986854,9.926373e+06,3060481.0
91385,6,-2940.393,2946.39306640625
91387,10614796,1.0232243e+07,382553.0
91390,16164856,1.2845007e+07,3319849.0
91396,60,-114.412544,174.41254425048828
91401,5559961,5.3925555e+06,167405.5
91402,3817921,3.595935e+06,221986.0
91403,8504329,7.8000495e+06,704279.5
91404,131,1949.9637,1818.9637451171875
91405,3760247,3.7685978e+06,8350.75
91406,5995942,6.117255e+06,121313.0
91411,2164664,2.3090938e+06,144429.75
91413,73,-114.412544,187.41254425048828
91423,10247286,1.0126452e+07,120834.0
91436,11117903,8.673424e+06,2444479.0
91501,3477009,3.5124022e+06,35393.25
91502,460353,563047.06,102694.0625
91504,4833159,4.8633715e+06,30212.5
91505,5216311,5.048273e+06,168038.0
91506,3218987,3.3331242e+06,114137.25
91510,87,10217.886,10130.8857421875
91601,3307239,3.3542468e+06,47007.75
91602,3971458,3.9789738e+06,7515.75
91604,12629290,1.2482347e+07,146943.0
91605,4617468,4.6269025e+06,9434.5
91606,3882104,3.8300208e+06,52083.25
91607,4615405,4.7033e+06,87895.0
91610,0,-2167.243,2167.242919921875
91617,199,357.09064,158.09063720703125
91637,0,1212.2745,1212.2745361328125
91678,703,7531.58,6828.580078125
91701,8092800,8.204417e+06,111617.0
91702,5676990,5.8437815e+06,166791.5
91706,5488891,5.610608e+06,121717.0
91708,1810532,1.8201242e+06,9592.25
91709,19828904,2.9238014e+07,9409110.0
91710,11592655,1.0875967e+07,716688.0
91711,7858433,7.3258445e+06,532588.5
91715,866,-3538.337,4404.3369140625
91716,0,-2930.8071,2930.80712890625
91719,13318,3798.142,9519.85791015625
91720,9040,-1922.6349,10962.634887695312
91722,3626280,3.7698365e+06,143556.5
91723,1811404,1.8353439e+06,23939.875
91724,4278563,4.1238368e+06,154726.25
91729,1124,-2868.6514,3992.6513671875
91730,7100761,7.067857e+06,32904.0
91731,1637180,1.6875064e+06,50326.375
91732,3783729,4.0394228e+06,255693.75
91733,2371609,2.423668e+06,52059.0
91734,980,-2280.535,3260.534912109375
91737,6866380,7.0054285e+06,139048.5
91739,9037095,8.49559e+06,541505.0
91740,3122442,3.235116e+06,112674.0
91741,6830063,6.62655e+06,203513.0
91744,7300402,7.0090605e+06,291341.5
91745,9779316,1.1373201e+07,1593885.0
91746,2813051,3.0777805e+06,264729.5
91747,131,-662.68195,793.6819458007812
91748,6851026,6.810331e+06,40695.0
91750,7308136,6.7076545e+06,600481.5
91752,5658099,5.8119115e+06,153812.5
91754,3167046,3.2882068e+06,121160.75
91755,2193901,2.494e+06,300099.0
91759,391215,343767.4,47447.59375
91760,4569,2309.2168,2259.783203125
91761,7663992,7.4925845e+06,171407.5
91762,6368951,6.64998e+06,281029.0
91763,3427393,3.6072648e+06,179871.75
91764,4672108,4.7527605e+06,80652.5
91765,12300060,1.2266852e+07,33208.0
91766,6536233,6.654449e+06,118216.0
91767,4489238,4.7090905e+06,219852.5
91768,2774520,2.972198e+06,197678.0
91769,75,2948.482,2873.48193359375
91770,5197198,5.0436885e+06,153509.5
91773,6752924,6.6329765e+06,119947.5
91775,3476455,3.6288132e+06,152358.25
91776,2662653,2.8430385e+06,180385.5
91780,4390366,4.245709e+06,144657.0
91784,7633793,6.5901955e+06,1043597.5
91785,0,-3616.5696,3616.569580078125
91786,5863663,6.0514295e+06,187766.5
91788,130,8855.385,8725.384765625
91789,9006094,8.717572e+06,288522.0
91790,5014379,5.0270635e+06,12684.5
91791,5338393,5.3541255e+06,15732.5
91792,3155832,3.332856e+06,177024.0
91793,1585,-2890.152,4475.152099609375
91801,4134131,4.1336362e+06,494.75
91802,510,357.09064,152.90936279296875
91803,2870156,2.9849698e+06,114813.75
91901,8150138,9.278714e+06,1128576.0
91902,4219226,4.102891e+06,116335.0
91905,624224,663488.3,39264.3125
91906,1142622,1.1661259e+06,23503.875
91910,8266105,8.265828e+06,277.0
91911,7403756,7.1749725e+06,228783.5
91912,412,5489.3857,5077.3857421875
91913,6793819,6.964921e+06,171102.0
91914,4302061,4.0965528e+06,205508.25
91915,4442496,4.1473105e+06,295185.5
91916,2293104,2.1390702e+06,154033.75
91917,534524,528054.3,6469.6875
91921,0,740.6474,740.6473999023438
91931,107965,135480.89,27515.890625
91932,2132944,2.380875e+06,247931.0
91934,145961,153041.95,7080.953125
91935,5080730,4.798034e+06,282696.0
91941,6935311,6.3379015e+06,597409.5
91942,4151449,4.0789352e+06,72513.75
91945,3042695,3.2919035e+06,249208.5
91948,196772,193559.92,3212.078125
91950,3871390,4.01696e+06,145570.0
91951,81,1724.6204,1643.620361328125
91962,1171907,1.2257281e+06,53821.125
91963,238457,268779.0,30322.0
91977,7673682,7.3997745e+06,273907.5
91978,1922320,1.9221122e+06,207.75
91980,35652,46732.754,11080.75390625
92003,1939959,1.8252404e+06,114718.625
92004,1287357,1.2702298e+06,17127.25
92007,2695115,2.7342045e+06,39089.5
92008,5307883,5.021013e+06,286870.0
92009,12567410,1.1044601e+07,1522809.0
92010,3674926,3.8179315e+06,143005.5
92011,5474009,5.3099275e+06,164081.5
92013,240,-1233.6945,1473.6944580078125
92014,6087870,5.883727e+06,204143.0
92018,1803,-2390.2292,4193.229248046875
92019,9449440,1.1303106e+07,1853666.0
92020,6299650,6.470074e+06,170424.0
92021,9524080,9.046291e+06,477789.0
92022,1884,-768.706,2652.7059936523438
92023,3106,10691.757,7585.7568359375
92024,13525767,1.2197507e+07,1328260.0
92025,6179959,5.9523445e+06,227614.5
92026,10829199,1.1201189e+07,371990.0
92027,8376066,7.8464045e+06,529661.5
92028,13637593,1.5180093e+07,1542500.0
92029,6424453,6.73844e+06,313987.0
92036,6604782,5.437879e+06,1166903.0
92037,15989061,1.5363402e+07,625659.0
92038,3370,-2411.6775,5781.677490234375
92039,0,-2650.6968,2650.69677734375
92040,8867559,7.7747475e+06,1092811.5
92049,520,-1233.6945,1753.6944580078125
92051,343,4359.9453,4016.9453125
92052,7,-1233.6945,1240.6944580078125
92054,5427000,5.3352405e+06,91759.5
92055,1089,-2644.9504,3733.950439453125
92056,9017094,8.496032e+06,521062.0
92057,9035973,8.611158e+06,424815.0
92058,2569183,2.8752725e+06,306089.5
92059,354619,294579.9,60039.09375
92060,298545,266544.3,32000.6875
92061,869962,877476.8,7514.8125
92064,13682693,1.3685934e+07,3241.0
92065,12011031,1.0433988e+07,1577043.0
92066,207392,207698.3,306.296875
92067,12417530,1.1370236e+07,1047294.0
92068,1192,-972.0657,2164.065673828125
92069,7467792,6.7186475e+06,749144.5
92070,636583,524301.75,112281.25
92071,9147054,8.489296e+06,657758.0
92075,3302952,3.2730932e+06,29858.75
92078,12051992,1.1233321e+07,818671.0
92079,59,-1233.6945,1292.6944580078125
92081,4609481,4.3915325e+06,217948.5
92082,7214796,7.8322e+06,617404.0
92083,3686364,3.828034e+06,141670.0
92084,8928703,8.856828e+06,71875.0
92085,1082,-2015.5465,3097.5465087890625
92086,730591,793672.4,63081.375
92088,1375,-2820.8027,4195.802734375
92091,2051959,1.7962398e+06,255719.25
92092,10355,20440.656,10085.65625
92093,1070,-10570.753,11640.7529296875
92096,409,-3758.9907,4167.99072265625
92101,4237987,4.422161e+06,184174.0
92102,3273498,3.346147e+06,72649.0
92103,5713007,5.564902e+06,148105.0
92104,4768473,4.5890055e+06,179467.5
92105,4308015,4.3801285e+06,72113.5
92106,3912716,4.0390632e+06,126347.25
92107,3996394,3.9768972e+06,19496.75
92108,2003789,1.6298709e+06,373918.125
92109,7228324,7.503132e+06,274808.0
92110,3097583,3.0451775e+06,52405.5
92111,5027094,5.0334315e+06,6337.5
92112,633,1208.538,575.5379638671875
92113,2624620,2.759405e+06,134785.0
92114,7432918,7.304036e+06,128882.0
92115,5926339,6.0227275e+06,96388.5
92116,4607717,4.109542e+06,498175.0
92117,8396388,7.7582325e+06,638155.5
92118,3822352,3.982587e+06,160235.0
92119,4490367,4.1034322e+06,386934.75
92120,5959865,5.518623e+06,441242.0
92121,1103302,1.0485579e+06,54744.125
92122,5878411,6.638108e+06,759697.0
92123,3139445,3.2424825e+06,103037.5
92124,4356199,3.9423235e+06,413875.5
92126,9822526,9.853744e+06,31218.0
92127,14074872,1.1018495e+07,3056377.0
92128,10037174,9.158851e+06,878323.0
92129,11915061,1.0779983e+07,1135078.0
92130,17214348,1.5393008e+07,1821340.0
92131,10989305,9.598063e+06,1391242.0
92132,493,127.12606,365.87393951416016
92133,925,-183.9625,1108.9624938964844
92134,3205,-718.66895,3923.6689453125
92135,2045,-630.4455,2675.4454956054688
92136,7326,-4236.512,11562.51220703125
92138,0,1745.4497,1745.44970703125
92139,3475470,3.7027742e+06,227304.25
92140,625,-7752.679,8377.67919921875
92143,85,-1233.6945,1318.6944580078125
92145,3345,-3456.7385,6801.738525390625
92147,114,4598.5137,4484.513671875
92150,0,740.6474,740.6473999023438
92154,8321891,9.264558e+06,942667.0
92155,70,-1046.2207,1116.220703125
92161,103,4359.9453,4256.9453125
92170,105,1724.6204,1619.620361328125
92172,1016,740.6474,275.35260009765625
92173,1510186,1.5056726e+06,4513.375
92178,263,4712.535,4449.53515625
92182,506,4782.179,4276.17919921875
92192,749,2196.1228,1447.122802734375
92201,8302371,8.2283645e+06,74006.5
92203,7594245,7.224708e+06,369537.0
92210,5452686,5.246232e+06,206454.0
92211,8794099,8.111586e+06,682513.0
92220,11347090,1.0951778e+07,395312.0
92222,1428,-9069.505,10497.5048828125
92223,11228048,1.1631897e+07,403849.0
92225,2687362,2.6168538e+06,70508.25
92226,2884,-8046.415,10930.4150390625
92227,2228055,2.3467468e+06,118691.75
92230,315551,352872.78,37321.78125
92231,3345477,3.5149112e+06,169434.25
92233,264366,264251.06,114.9375
92234,9279695,9.039998e+06,239697.0
92235,25,-1807.2693,1832.269287109375
92236,3389245,3.4705432e+06,81298.25
92239,71150,66161.0,4989.0
92240,5561802,5.6996325e+06,137830.5
92241,1850072,1.7866898e+06,63382.25
92242,813880,809054.7,4825.3125
92243,4503714,4.582644e+06,78930.0
92249,611323,640668.25,29345.25
92250,1343590,1.3604709e+06,16880.875
92251,2791142,3.2503845e+06,459242.5
92252,2489731,2.6717935e+06,182062.5
92253,16657874,1.5368936e+07,1288938.0
92254,683604,697278.1,13674.125
92255,306,-3685.5042,3991.504150390625
92256,1083549,1.0818242e+06,1724.75
92257,254944,320502.06,65558.0625
92258,71034,70283.83,750.171875
92259,95911,60251.37,35659.62890625
92260,10493528,9.640838e+06,852690.0
92261,1048,719.5228,328.4771728515625
92262,9689698,8.512592e+06,1177106.0
92263,330,5344.75,5014.75
92264,8594885,7.2686885e+06,1326196.5
92266,117469,121508.37,4039.3671875
92267,239820,290560.62,50740.625
92268,491164,441299.28,49864.71875
92270,10994365,9.58687e+06,1407495.0
92273,130501,117048.51,13452.4921875
92274,1544017,1.3160688e+06,227948.25
92275,125737,125110.71,626.2890625
92276,1384714,1.2632668e+06,121447.25
92277,2881915,2.807601e+06,74314.0
92278,599,-73748.38,74347.3828125
92280,19879,2895.7588,16983.2412109375
92281,159407,161468.05,2061.046875
92282,418679,534663.5,115984.5
92283,134123,129571.85,4551.1484375
92284,5758975,5.426691e+06,332284.0
92285,837214,894653.3,57439.3125
92301,4223005,4.4950925e+06,272087.5
92304,621,1035.657,414.656982421875
92305,615057,607031.9,8025.125
92307,7438308,1.1501115e+07,4062807.0
92308,7895778,7.906688e+06,10910.0
92309,26685,22827.709,3857.291015625
92310,54735,96445.85,41710.8515625
92311,3683127,3.643379e+06,39748.0
92313,1912642,2.0387038e+06,126061.75
92314,9820915,9.951994e+06,131079.0
92315,11372563,1.0480896e+07,891667.0
92316,3173719,3.277695e+06,103976.0
92317,362310,292989.38,69320.625
92318,16000,6682.5864,9317.41357421875
92320,2446167,2.5618482e+06,115681.25
92321,586293,649318.7,63025.6875
92322,921259,969405.5,48146.5
92323,12555,11354.17,1200.830078125
92324,6635954,6.79096e+06,155006.0
92325,7438452,8.036701e+06,598249.0
92326,9650,-15103.599,24753.5986328125
92327,47365,55289.816,7924.81640625
92328,3473,16325.373,12852.373046875
92329,11084,-10788.048,21872.0478515625
92332,8446,27657.443,19211.443359375
92333,1333257,1.3794409e+06,46183.875
92334,4975,-5948.6284,10923.62841796875
92335,7170294,7.476245e+06,305951.0
92336,17367385,2.3487046e+07,6119661.0
92337,5393715,5.6701325e+06,276417.5
92338,145,-3382.3953,3527.395263671875
92339,880432,933463.25,53031.25
92340,3648,-13438.253,17086.2529296875
92341,1152264,1.3337194e+06,181455.375
92342,1737671,1.8488836e+06,111212.625
92344,5003198,5.0291395e+06,25941.5
92345,12341291,1.1525111e+07,816180.0
92346,9701522,2.0276848e+07,10575326.0
92347,75429,65801.06,9627.9375
92349,268,1489.7867,1221.7867431640625
92350,916,-508.33633,1424.3363342285156
92352,18018567,1.4939696e+07,3078871.0
92354,3052692,3.2247718e+06,172079.75
92356,1099581,1.01920525e+06,80375.75
92357,778,7912.8413,7134.84130859375
92358,440613,492647.28,52034.28125
92359,1585082,2.246482e+06,661400.0
92363,1452580,1.3070432e+06,145536.75
92364,5410,-19365.043,24775.04296875
92365,517548,571154.75,53606.75
92366,124,1675.3541,1551.3541259765625
92368,108169,117450.56,9281.5625
92371,4397238,4.152566e+06,244672.0
92372,1816130,1.7076886e+06,108441.375
92373,7679946,7.151459e+06,528487.0
92374,6052260,5.8817035e+06,170556.5
92375,710,8023.7124,7313.71240234375
92376,8018978,8.1203815e+06,101403.5
92377,3551270,3.6643638e+06,113093.75
92378,293837,329112.78,35275.78125
92381,54,2941.291,2887.291015625
92382,4851250,5.472769e+06,621519.0
92384,11529,-344.63736,11873.63735961914
92385,326940,312243.56,14696.4375
92386,2557684,2.5568612e+06,822.75
92389,16010,17451.87,1441.869140625
92391,1763250,1.5656221e+06,197627.875
92392,9154365,9.230476e+06,76111.0
92393,3717,3085.0227,631.977294921875
92394,4627551,4.543159e+06,84392.0
92395,5685637,5.802955e+06,117318.0
92397,3383306,3.2622325e+06,121073.5
92398,236732,275889.88,39157.875
92399,11447388,1.2246365e+07,798977.0
92401,80320,70848.1,9471.8984375
92403,2383,7935.269,5552.26904296875
92404,18980640,2.0011914e+07,1031274.0
92405,3376070,3.50948e+06,133410.0
92406,676,5344.75,4668.75
92407,28175367,2.6758074e+07,1417293.0
92408,947859,1.0229138e+06,75054.8125
92410,3119501,3.1439955e+06,24494.5
92411,1966648,2.1109312e+06,144283.25
92415,720,-3055.996,3775.99609375
92427,32,605.45667,573.4566650390625
92501,2600609,2.7531205e+06,152511.5
92502,1194,5388.3623,4194.3623046875
92503,13300931,1.3299271e+07,1660.0
92504,7798209,7.739815e+06,58394.0
92505,5512114,5.4634445e+06,48669.5
92506,10316749,9.292439e+06,1024310.0
92507,5533282,5.4406055e+06,92676.5
92508,7379309,6.7384705e+06,640838.5
92509,10066129,1.0364441e+07,298312.0
92517,186,605.45667,419.4566650390625
92518,12851,33532.297,20681.296875
92521,39,526.4884,487.4884033203125
92522,2533,13076.771,10543.771484375
92530,9613755,1.051943e+07,905675.0
92531,663,3021.8875,2358.887451171875
92532,6473720,6.6747555e+06,201035.5
92536,1635839,1.3649179e+06,270921.125
92539,3075726,4.1566655e+06,1080939.5
92543,3953103,3.8961475e+06,56955.5
92544,7627216,7.268641e+06,358575.0
92545,7050595,6.9805885e+06,70006.5
92546,717,3021.8875,2304.887451171875
92548,1161807,1.0815946e+06,80212.375
92549,5615149,5.084699e+06,530450.0
92551,3922128,3.975188e+06,53060.0
92552,2542,1046.5223,1495.4776611328125
92553,7031486,7.3439125e+06,312426.5
92554,71,-234.56915,305.56915283203125
92555,7603391,7.111377e+06,492014.0
92557,8192401,8.3262315e+06,133830.5
92561,1243275,1.1547784e+06,88496.625
92562,17329780,2.0503834e+07,3174054.0
92563,13288397,1.2787604e+07,500793.0
92564,999,-75.54579,1074.5457916259766
92567,1771399,1.7194709e+06,51928.125
92570,7901027,7.4110665e+06,489960.5
92571,6589605,6.9513025e+06,361697.5
92572,2261,4660.422,2399.421875
92581,3176,11915.43,8739.4296875
92582,3015981,3.2065925e+06,190611.5
92583,3660554,3.6993718e+06,38817.75
92584,10820459,1.0672922e+07,147537.0
92585,4216742,4.1562872e+06,60454.75
92586,3952191,3.8653952e+06,86795.75
92587,4996264,5.128667e+06,132403.0
92589,5031,1093.1941,3937.805908203125
92590,2229266,2.0166566e+06,212609.375
92591,6883560,7.075217e+06,191657.0
92592,18133704,1.8027044e+07,106660.0
92593,402,-3758.791,4160.791015625
92595,7488441,6.3799215e+06,1108519.5
92596,6160253,6.364195e+06,203942.0
92602,5021076,4.909583e+06,111493.0
92603,7054238,6.9064745e+06,147763.5
92604,3598675,3.6612468e+06,62571.75
92606,2406515,2.7275375e+06,321022.5
92607,0,-3806.8901,3806.89013671875
92610,3378121,3.3556292e+06,22491.75
92612,2674847,2.7096948e+06,34847.75
92614,2890837,2.8992292e+06,8392.25
92615,182,7138.415,6956.4150390625
92616,93,-3960.1665,4053.16650390625
92617,955026,930620.44,24405.5625
92618,8726749,8.598942e+06,127807.0
92619,53,1193.6785,1140.678466796875
92620,9616072,9.632477e+06,16405.0
92621,762,1024.183,262.1829833984375
92623,32,-1897.7543,1929.7542724609375
92624,2040924,2.1014055e+06,60481.5
92625,7137933,6.522876e+06,615057.0
92626,6387439,6.6523515e+06,264912.5
92627,6669164,6.786915e+06,117751.0
92628,130,-1830.8307,1960.8306884765625
92629,8816639,7.684824e+06,1131815.0
92630,12081651,1.0900355e+07,1181296.0
92631,1400,-2379.098,3779.097900390625
92633,1400,-4218.5117,5618.51171875
92635,1168,679.8588,488.14117431640625
92637,2171062,2.0953911e+06,75670.875
92640,178,2941.291,2763.291015625
92645,620,-633.66614,1253.6661376953125
92646,10708300,9.966927e+06,741373.0
92647,6367805,6.8216875e+06,453882.5
92648,8718040,8.606574e+06,111466.0
92649,7064316,6.953456e+06,110860.0
92651,17288895,1.6301268e+07,987627.0
92652,1997,-4285.8877,6282.8876953125
92653,7725044,7.228993e+06,496051.0
92654,1756,-4301.9,6057.89990234375
92655,598850,671054.4,72204.375
92656,9095337,8.721728e+06,373609.0
92657,9220929,7.414475e+06,1806454.0
92658,410,3963.0337,3553.03369140625
92660,12189668,1.1237825e+07,951843.0
92661,2004462,1.8296581e+06,174803.875
92662,1454133,1.2445272e+06,209605.75
92663,6845282,6.593038e+06,252244.0
92665,2271,-1914.109,4185.1090087890625
92667,11260,5590.2197,5669.7802734375
92668,2009,4941.101,2932.10107421875
92670,775,3412.794,2637.7939453125
92672,9118272,7.986638e+06,1131634.0
92673,10154967,8.0904845e+06,2064482.5
92674,676,52.67769,623.3223114013672
92675,10709251,9.212573e+06,1496678.0
92676,1572742,2.9708522e+06,1398110.25
92677,19163405,1.6834664e+07,2328741.0
92678,70730,58808.76,11921.23828125
92679,16769025,1.4604642e+07,2164383.0
92683,8339588,8.385067e+06,45479.0
92684,1274,5342.0776,4068.07763671875
92686,2374,3877.7822,1503.7822265625
92687,1177,3265.7373,2088.7373046875
92688,8773385,8.169011e+06,604374.0
92690,62,-75.54579,137.54579162597656
92691,9979048,9.323569e+06,655479.0
92692,11891235,1.0827182e+07,1064053.0
92693,352,-1134.1847,1486.1846923828125
92694,18209602,1.441166e+07,3797942.0
92697,65,-2310.082,2375.08203125
92701,2143692,2.4433002e+06,299608.25
92703,3117688,3.196458e+06,78770.0
92704,5468753,5.6614555e+06,192702.5
92705,9726524,9.141571e+06,584953.0
92706,3276564,3.4086182e+06,132054.25
92707,4002033,4.0644548e+06,62421.75
92708,9069507,9.003113e+06,66394.0
92714,4846,-585.3712,5431.3712158203125
92720,0,1024.183,1024.1829833984375
92731,0,1212.2745,1212.2745361328125
92780,4896535,5.114679e+06,218144.0
92782,4722115,4.613128e+06,108987.0
92801,3643700,3.7614152e+06,117715.25
92802,2498038,2.7338065e+06,235768.5
92803,129,-415.1833,544.1832885742188
92804,5909653,6.222579e+06,312926.0
92805,5046974,5.016989e+06,29985.0
92806,3461912,3.6861702e+06,224258.25
92807,9490952,9.029422e+06,461530.0
92808,5691511,5.4886865e+06,202824.5
92809,2198,-2440.3264,4638.326416015625
92811,359,3983.8896,3624.8896484375
92814,0,-1134.1847,1134.1846923828125
92816,0,-1134.1847,1134.1846923828125
92821,7243282,6.470217e+06,773065.0
92823,1533676,1.305884e+06,227792.0
92831,3826140,3.9460622e+06,119922.25
92832,2137259,2.3471535e+06,209894.5
92833,6514304,6.8228115e+06,308507.5
92834,250,-2167.243,2417.242919921875
92835,5397183,5.340227e+06,56956.0
92836,0,-2167.243,2167.242919921875
92838,167,-1134.1847,1301.1846923828125
92840,4261969,4.1317168e+06,130252.25
92841,2802608,2.9346418e+06,132033.75
92842,58,-2167.243,2225.242919921875
92843,2677307,2.903182e+06,225875.0
92844,1492757,1.440638e+06,52119.0
92845,2235329,2.4950355e+06,259706.5
92846,1457,3563.8784,2106.87841796875
92860,5562233,5.4468675e+06,115365.5
92861,2695152,2.8936502e+06,198498.25
92862,615,-2280.535,2895.534912109375
92865,2836733,2.9988408e+06,162107.75
92866,1873166,1.9108265e+06,37660.5
92867,8207338,7.4260235e+06,781314.5
92868,1804903,1.8827199e+06,77816.875
92869,8197662,7.9478185e+06,249843.5
92870,7331452,7.038569e+06,292883.0
92878,842796,605956.9,236839.125
92879,6082233,6.137292e+06,55059.0
92880,13622339,1.3139147e+07,483192.0
92881,7323679,7.1432185e+06,180460.5
92882,11802319,1.2157945e+07,355626.0
92883,9625218,9.738635e+06,113417.0
92886,13570439,1.1711695e+07,1858744.0
92887,7297593,6.834249e+06,463344.0
92952,10,2941.291,2931.291015625
93001,12723938,1.2195908e+07,528030.0
93003,8295607,7.9196085e+06,375998.5
93004,4907437,4.900553e+06,6884.0
93005,0,-1716.756,1716.7559814453125
93009,1079,2875.9585,1796.95849609375
93010,8504472,7.5973195e+06,907152.5
93012,9062551,7.841901e+06,1220650.0
93013,3825624,3.6982228e+06,127401.25
93015,2799542,3.6632072e+06,863665.25
93016,555,-1875.7797,2430.7796630859375
93020,0,225.37779,225.37779235839844
93021,9619338,9.090244e+06,529094.0
93022,1597397,1.2843512e+06,313045.75
93023,7354136,7.0461265e+06,308009.5
93024,930,-191.2522,1121.252197265625
93030,6250077,6.8378145e+06,587737.5
93031,103,280.25107,177.25106811523438
93032,60,-191.2522,251.252197265625
93033,6845186,6.9421725e+06,96986.5
93035,6501648,6.754649e+06,253001.0
93036,4682802,4.700269e+06,17467.0
93040,339885,306637.5,33247.5
93041,2064183,2.1086098e+06,44426.75
93042,55,-5004.1284,5059.12841796875
93043,345,-5912.2856,6257.28564453125
93060,13565349,1.6359067e+07,2793718.0
93062,740,9506.034,8766.0341796875
93063,24638672,2.5512484e+07,873812.0
93064,128,-2189.069,2317.069091796875
93065,17098328,1.7426972e+07,328644.0
93066,1048725,814855.6,233869.375
93067,506294,504435.03,1858.96875
93101,3377455,3.4969275e+06,119472.5
93102,658,-2003.8553,2661.8553466796875
93103,4692286,4.4259385e+06,266347.5
93105,8668286,9.103966e+06,435680.0
93106,4238,6932.252,2694.251953125
93107,96,-1372.3523,1468.352294921875
93108,10919843,1.0550106e+07,369737.0
93109,2834264,2.8460298e+06,11765.75
93110,4818525,4.2126635e+06,605861.5
93111,4027619,3.9686332e+06,58985.75
93117,5738931,5.4428305e+06,296100.5
93121,176,-471.83517,647.8351745605469
93201,57787,59522.523,1735.5234375
93202,505096,506054.78,958.78125
93203,1677568,1.72905e+06,51482.0
93204,796476,968502.0,172026.0
93205,678293,724391.6,46098.625
93206,165576,179584.17,14008.171875
93207,339093,391574.7,52481.6875
93208,142458,189575.62,47117.625
93210,2066509,6.730567e+06,4664058.0
93212,1330528,1.5049214e+06,174393.375
93215,3804758,4.0222128e+06,217454.75
93218,87239,99375.79,12136.7890625
93219,645480,682525.3,37045.3125
93220,378,-3494.6753,3872.67529296875
93221,2145970,2.3508375e+06,204867.5
93222,2281506,2.0394928e+06,242013.25
93223,915377,1.01178156e+06,96404.5625
93224,87241,97664.27,10423.2734375
93225,2673449,2.800719e+06,127270.0
93226,102568,91826.086,10741.9140625
93227,97029,129871.01,32842.0078125
93230,9994881,9.999746e+06,4865.0
93232,285,13705.432,13420.431640625
93234,393198,367091.22,26106.78125
93235,366142,437231.84,71089.84375
93237,0,-539.4934,539.493408203125
93238,950482,850488.44,99993.5625
93239,69784,21937.424,47846.576171875
93240,1937312,2.6466658e+06,709353.75
93241,978680,1.0183154e+06,39635.375
93242,304104,311917.6,7813.59375
93243,5377933,4.0177895e+06,1360143.5
93244,74991,53512.3,21478.69921875
93245,4186452,4.271778e+06,85326.0
93246,2018,7357.136,5339.13623046875
93247,1725963,1.7593689e+06,33405.875
93249,111679,95733.13,15945.8671875
93250,1157827,1.1699781e+06,12151.125
93251,17092,22067.686,4975.685546875
93252,256748,686064.7,429316.6875
93254,138167,114597.38,23569.6171875
93255,424680,434015.7,9335.6875
93256,363484,397197.44,33713.4375
93257,23765604,4.5589788e+07,21824184.0
93258,21656,16544.2,5111.80078125
93260,398319,598881.8,200562.8125
93261,121452,114420.66,7031.34375
93262,20399,-31007.125,51406.125
93263,2364024,2.5851675e+06,221143.5
93265,4408976,4.078824e+06,330152.0
93266,135627,146544.47,10917.46875
93267,612392,659915.6,47523.625
93268,2465568,2.779855e+06,314287.0
93270,526187,515689.12,10497.875
93271,1189440,1.0270084e+06,162431.625
93272,220768,253189.0,32421.0
93274,8579066,8.760356e+06,181290.0
93276,14988,20157.436,5169.435546875
93277,7136487,7.514153e+06,377666.0
93280,2028932,2.1524828e+06,123550.75
93283,1343404,1.5180648e+06,174660.75
93285,2146566,1.989703e+06,156863.0
93286,1007367,1.0739556e+06,66588.625
93287,80842,98054.67,17212.671875
93291,8063667,8.281761e+06,218094.0
93292,5771422,5.9278965e+06,156474.5
93301,1547576,1.3925119e+06,155064.125
93303,47,2763.5396,2716.53955078125
93304,5506477,6.0282805e+06,521803.5
93305,3786552,3.9602562e+06,173704.25
93306,21717186,2.3966464e+07,2249278.0
93307,7998048,8.273642e+06,275594.0
93308,8048709,8.1023715e+06,53662.5
93309,8328490,8.546484e+06,217994.0
93311,21590518,1.5503998e+07,6086520.0
93312,12511572,1.1518452e+07,993120.0
93313,8922234,8.720785e+06,201449.0
93314,7718904,7.2243705e+06,494533.5
93384,136,5393.372,5257.3720703125
93386,135,-2498.1653,2633.165283203125
93387,0,2763.5396,2763.53955078125
93389,112,2763.5396,2651.53955078125
93390,130,9684.158,9554.158203125
93401,11729772,1.9396412e+07,7666640.0
93402,3467464,3.403713e+06,63751.0
93403,71,1530.4751,1459.47509765625
93405,3459071,5.1108905e+06,1651819.5
93406,138,-125.63631,263.6363067626953
93407,735,2928.2725,2193.2724609375
93410,3871,4323.6025,452.6025390625
93412,673,985.98694,312.9869384765625
93420,15255084,1.1884113e+07,3370971.0
93421,5352,982.9863,4369.013671875
93422,7557318,6.8902745e+06,667043.5
93423,1622,10205.247,8583.2470703125
93424,697553,782677.4,85124.375
93426,1437456,3.680452e+06,2242996.0
93427,1043721,964995.4,78725.625
93428,3194181,2.9960115e+06,198169.5
93429,24140,26939.158,2799.158203125
93430,1311023,1.9774654e+06,666442.375
93432,1186442,969522.2,216919.8125
93433,1939091,2.0830985e+06,144007.5
93434,676363,709256.2,32893.1875
93435,27087,29575.549,2488.548828125
93436,6108241,7.0628885e+06,954647.5
93437,5541,16450.965,10909.96484375
93440,405747,386974.97,18772.03125
93441,451499,409295.5,42203.5
93442,2961111,2.9911555e+06,30044.5
93444,4175235,5.52314e+06,1347905.0
93445,1028075,989015.1,39059.875
93446,42814744,5.0992444e+07,8177700.0
93447,2378,10972.766,8594.765625
93448,298,-3444.07,3742.070068359375
93449,3053970,3.0496182e+06,4351.75
93450,72541,79444.69,6903.6875
93451,1917492,2.0163646e+06,98872.625
93452,149389,177477.03,28088.03125
93453,1009218,6.6579895e+06,5648771.5
93454,4186489,7.304407e+06,3117918.0
93455,7444794,1.0974154e+07,3529360.0
93456,354,-3377.0056,3731.005615234375
93457,922,1105.8207,183.8206787109375
93458,3955580,4.0716638e+06,116083.75
93460,2450822,2.2028425e+06,247979.5
93461,211616,1.04806075e+06,836444.75
93463,2170282,2.2519705e+06,81688.5
93464,2777,7336.3965,4559.396484375
93465,2768043,5.060153e+06,2292110.0
93483,20,-125.63631,145.6363067626953
93501,3063200,3.08516e+06,21960.0
93502,763,1645.0345,882.0345458984375
93504,1466,-1707.1952,3173.1951904296875
93505,2186801,2.3321375e+06,145336.5
93510,3763457,3.832872e+06,69415.0
93512,49439,62691.88,13252.87890625
93513,891692,787633.9,104058.125
93514,3159556,2.9093485e+06,250207.5
93515,113,-3880.1558,3993.15576171875
93516,272512,281476.66,8964.65625
93517,495567,493518.34,2048.65625
93518,1500438,1.2370311e+06,263406.875
93519,6571,6771.6177,200.61767578125
93522,4944,8573.515,3629.5146484375
93523,230709,220888.5,9820.5
93524,657,1345.9822,688.982177734375
93526,177845,182343.62,4498.625
93527,674890,648601.7,26288.3125
93528,27822,16712.83,11109.169921875
93529,975031,903905.06,71125.9375
93530,10772,-654.6368,11426.636779785156
93531,459697,355988.8,103708.1875
93532,1258247,1.2745601e+06,16313.125
93534,4555435,4.7307905e+06,175355.5
93535,9755049,1.0009173e+07,254124.0
93536,27148610,3.214058e+07,4991970.0
93539,165,-3771.1577,3936.15771484375
93541,209450,197505.97,11944.03125
93542,1235,4555.8286,3320.82861328125
93543,2129688,2.62317e+06,493482.0
93544,426319,414639.56,11679.4375
93545,384858,359287.75,25570.25
93546,6863637,6.932665e+06,69028.0
93549,67019,51885.086,15133.9140625
93550,8595375,8.635809e+06,40434.0
93551,13383126,1.2258909e+07,1124217.0
93552,6201707,6.072298e+06,129409.0
93553,530090,590958.7,60868.6875
93554,18490,10362.531,8127.46875
93555,5180538,4.959844e+06,220694.0
93556,556,-902.8682,1458.8682250976562
93558,4757,13419.477,8662.4765625
93560,3130149,3.025979e+06,104170.0
93561,21114850,3.5111196e+07,13996346.0
93562,191766,238902.11,47136.109375
93563,44368,35089.527,9278.47265625
93581,1180,554.39636,625.6036376953125
93584,5,-1105.5928,1110.5927734375
93590,1723,1025.6803,697.3197021484375
93591,991469,1.1028658e+06,111396.75
93592,2946,5690.4224,2744.42236328125
93601,1265335,1.2516572e+06,13677.75
93602,2351718,2.5800095e+06,228291.5
93603,139699,169815.38,30116.375
93604,1930422,1.7595741e+06,170847.875
93605,110707,152960.81,42253.8125
93606,137455,95079.85,42375.1484375
93607,0,-1386.7565,1386.7564697265625
93608,59328,50516.21,8811.7890625
93609,507408,508201.7,793.6875
93610,2428876,2.6249688e+06,196092.75
93611,10271961,9.653754e+06,618207.0
93612,4328770,4.496306e+06,167536.0
93613,615,9199.838,8584.837890625
93614,6075169,5.627209e+06,447960.0
93615,374756,427347.5,52591.5
93616,240836,256225.78,15389.78125
93618,2775357,2.8571935e+06,81836.5
93619,13428461,1.288581e+07,542651.0
93620,1223029,1.1358065e+06,87222.5
93621,121149,154980.28,33831.28125
93622,919225,957918.1,38693.125
93623,283324,236338.4,46985.59375
93624,6947,10607.022,3660.0224609375
93625,1149130,1.1861635e+06,37033.5
93626,1112949,976390.6,136558.375
93627,4329,15376.614,11047.6142578125
93628,300173,342477.53,42304.53125
93629,5369,7787.8027,2418.802734375
93630,2341625,2.5434575e+06,201832.5
93631,2692558,2.8079868e+06,115428.75
93633,121211,146809.94,25598.9375
93634,471842,904081.56,432239.5625
93635,6473832,7.085181e+06,611349.0
93636,4140872,4.0578448e+06,83027.25
93637,5122310,5.5249555e+06,402645.5
93638,5824549,6.025215e+06,200666.0
93640,1058636,1.1525742e+06,93938.25
93641,264297,247001.1,17295.90625
93642,2392,1358.4508,1033.5491943359375
93643,2392324,2.0100555e+06,382268.5
93644,5111986,4.503421e+06,608565.0
93645,203490,220552.39,17062.390625
93646,740989,789631.8,48642.8125
93647,858768,940400.56,81632.5625
93648,1273366,1.1927222e+06,80643.75
93649,1752,-1679.511,3431.510986328125
93650,481727,519339.94,37612.9375
93651,993378,903492.06,89885.9375
93652,41737,39512.88,2224.12109375
93653,554885,574445.75,19560.75
93654,3753666,3.821851e+06,68185.0
93656,586856,650602.6,63746.625
93657,22923040,2.0383598e+07,2539442.0
93660,358274,354515.9,3758.09375
93661,237,-1386.7565,1623.7564697265625
93662,3416056,3.5250232e+06,108967.25
93664,4747270,5.141135e+06,393865.0
93665,49107,32014.926,17092.07421875
93666,12896,13748.086,852.0859375
93667,1140434,1.2355085e+06,95074.5
93668,116096,117177.75,1081.75
93669,490993,465797.94,25195.0625
93670,2319,6392.2056,4073.20556640625
93673,54009,50098.34,3910.66015625
93675,4034502,3.244166e+06,790336.0
93701,743550,743342.2,207.8125
93702,3685460,3.9018845e+06,216424.5
93703,3324620,3.5346072e+06,209987.25
93704,5127609,5.1674155e+06,39806.5
93705,4415114,4.690691e+06,275577.0
93706,3199500,3.2927908e+06,93290.75
93710,3647995,3.7241768e+06,76181.75
93711,9607585,9.568241e+06,39344.0
93714,0,-1413.527,1413.5269775390625
93717,3957,10523.157,6566.1572265625
93720,10000079,9.607161e+06,392918.0
93721,182235,224602.72,42367.71875
93722,12678427,1.1652622e+07,1025805.0
93723,2184998,2.4032448e+06,218246.75
93724,0,-1413.527,1413.5269775390625
93725,2511917,2.785762e+06,273845.0
93726,4616732,4.621114e+06,4382.0
93727,11405190,1.0567955e+07,837235.0
93728,2120485,2.272724e+06,152239.0
93729,602,-5008.9243,5610.92431640625
93730,4001032,3.9654362e+06,35595.75
93737,1272709,1.2222496e+06,50459.375
93740,611,2638.2869,2027.286865234375
93750,0,11941.904,11941.904296875
93760,1079,821.2632,257.73681640625
93901,4457382,4.5317065e+06,74324.5
93905,5260610,5.081427e+06,179183.0
93906,8130267,8.1843775e+06,54110.5
93907,5694597,5.3499595e+06,344637.5
93908,6224211,6.084215e+06,139996.0
93912,87,3583.1064,3496.1064453125
93915,172,1681.1982,1509.1982421875
93920,1124127,1.3150166e+06,190889.625
93921,2171451,2.1565112e+06,14939.75
93922,12291,28328.627,16037.626953125
93923,9829056,7.89672e+06,1932336.0
93924,5248717,6.3060345e+06,1057317.5
93925,228097,237006.27,8909.265625
93926,1100425,1.1742539e+06,73828.875
93927,1881328,1.9164405e+06,35112.5
93928,16037,21254.332,5217.33203125
93930,2056200,3.758699e+06,1702499.0
93932,154409,110614.086,43794.9140625
93933,3525445,3.5987458e+06,73300.75
93940,8380547,7.602779e+06,777768.0
93944,808,-3039.7473,3847.747314453125
93950,4415217,4.121808e+06,293409.0
93953,4630465,4.0315018e+06,598963.25
93954,50675,54756.992,4081.9921875
93955,4013833,4.1156155e+06,101782.5
93960,2269180,2.3677088e+06,98528.75
93962,180322,156089.34,24232.65625
94002,7309907,7.0151675e+06,294739.5
94005,1313805,1.2335314e+06,80273.625
94010,19658845,1.5978613e+07,3680232.0
94011,0,155.69292,155.6929168701172
94013,44,1463.0162,1419.0162353515625
94014,7569130,7.3726375e+06,196492.5
94015,10399630,9.98678e+06,412850.0
94016,331,1335.0004,1004.0003662109375
94017,1917,6386.4585,4469.45849609375
94018,1221827,1.2226949e+06,867.875
94019,4821259,4.9310795e+06,109820.5
94020,1000322,833406.75,166915.25
94021,123065,220506.11,97441.109375
94022,11767281,9.647984e+06,2119297.0
94023,88,-914.208,1002.2080078125
94024,10437174,8.824945e+06,1612229.0
94025,12520479,1.2089858e+07,430621.0
94026,1854,7376.439,5522.43896484375
94027,9302228,9.352678e+06,50450.0
94028,6210183,5.730545e+06,479638.0
94030,5921388,6.319162e+06,397774.0
94035,4948,443.16608,4504.833923339844
94037,1185411,1.2096641e+06,24253.125
94038,881883,925333.2,43450.1875
94040,5190746,5.1366645e+06,54081.5
94041,2282982,2.5958912e+06,312909.25
94043,3820520,4.0795502e+06,259030.25
94044,10304473,9.423517e+06,880956.0
94060,661505,707312.56,45807.5625
94061,7849159,8.0279255e+06,178766.5
94062,16620466,1.4332185e+07,2288281.0
94063,3136764,3.322361e+06,185597.0
94064,299,8053.171,7754.1708984375
94065,2708545,3.011568e+06,303023.0
94066,9131749,8.739325e+06,392424.0
94070,9803915,8.617384e+06,1186531.0
94074,180924,225202.05,44278.046875
94080,11803794,1.1323688e+07,480106.0
94085,2234666,2.5237518e+06,289085.75
94086,5766671,5.9032405e+06,136569.5
94087,10191459,9.313678e+06,877781.0
94088,640,5336.2993,4696.29931640625
94089,2807217,2.9250235e+06,117806.5
94102,1773658,1.9124424e+06,138784.375
94103,2972905,3.1591218e+06,186216.75
94104,95341,107690.57,12349.5703125
94105,2480363,2.6489592e+06,168596.25
94107,5583024,5.7034855e+06,120461.5
94108,957676,1.0786414e+06,120965.375
94109,7086334,7.5619545e+06,475620.5
94110,13628245,1.2562743e+07,1065502.0
94111,576121,683978.56,107857.5625
94112,15843414,1.5899571e+07,56157.0
94114,11333124,1.1259979e+07,73145.0
94115,9017497,1.0020137e+07,1002640.0
94116,13948411,1.3203529e+07,744882.0
94117,8244039,7.845813e+06,398226.0
94118,12306829,1.2218054e+07,88775.0
94119,3877,3943.485,66.485107421875
94121,12046346,1.1972153e+07,74193.0
94122,15773363,1.6738063e+07,964700.0
94123,8585379,9.403425e+06,818046.0
94124,5060133,5.2882695e+06,228136.5
94127,8938762,8.244578e+06,694184.0
94128,46,-1637.237,1683.237060546875
94129,109685,198628.25,88943.25
94130,12926,11154.887,1771.11328125
94131,8902393,8.496738e+06,405655.0
94132,5063529,4.989447e+06,74082.0
94133,3611469,3.809886e+06,198417.0
94134,6736595,7.2017485e+06,465153.5
94142,17,5282.3867,5265.38671875
94146,319,1681.1982,1362.1982421875
94150,0,1050.9539,1050.953857421875
94158,830259,959271.06,129012.0625
94160,264,9769.174,9505.173828125
94301,6363902,6.5865945e+06,222692.5
94302,367,18180.176,17813.17578125
94303,7314493,7.0752145e+06,239278.5
94304,537352,640213.94,102861.9375
94305,919864,817756.9,102107.125
94306,6370412,6.6221975e+06,251785.5
94401,4788082,5.0153795e+06,227297.5
94402,8106626,7.9139165e+06,192709.5
94403,9016460,9.443648e+06,427188.0
94404,6879515,6.730734e+06,148781.0
94501,11767158,1.2108922e+07,341764.0
94502,3514152,3.6803052e+06,166153.25
94503,4531965,4.742291e+06,210326.0
94505,5232958,5.2934725e+06,60514.5
94506,12172208,9.830662e+06,2341546.0
94507,10288418,8.289995e+06,1998423.0
94508,1590234,1.3092982e+06,280935.75
94509,12642011,1.2675744e+07,33733.0
94510,7660175,6.977604e+06,682571.0
94511,635553,622104.44,13448.5625
94512,10606,10784.542,178.5419921875
94513,17125718,1.5774381e+07,1351337.0
94514,448939,513720.72,64781.71875
94515,3491732,3.171766e+06,319966.0
94516,102808,94476.92,8331.078125
94517,4862054,5.0667175e+06,204663.5
94518,6320412,6.5550735e+06,234661.5
94519,4321387,4.0640605e+06,257326.5
94520,4031445,4.0497808e+06,18335.75
94521,10997102,9.614546e+06,1382556.0
94522,1200,1533.9113,333.9112548828125
94523,8260465,7.9578365e+06,302628.5
94525,1066970,1.0905915e+06,23621.5
94526,13430385,1.1531677e+07,1898708.0
94528,1004383,901338.3,103044.6875
94529,86,635.37756,549.3775634765625
94530,7661949,7.1482265e+06,513722.5
94531,10746194,9.688734e+06,1057460.0
94533,12641368,1.1494835e+07,1146533.0
94534,12359100,1.1601536e+07,757564.0
94535,19272,11058.471,8213.529296875
94536,12721093,1.3316214e+07,595121.0
94537,987,61.018982,925.9810180664062
94538,8227716,8.2015195e+06,26196.5
94539,14225099,1.3718278e+07,506821.0
94540,787,2837.6665,2050.66650390625
94541,9366086,9.282756e+06,83330.0
94542,5090380,5.0743195e+06,16060.5
94544,10295901,9.512052e+06,783849.0
94545,5715112,5.866146e+06,151034.0
94546,9921097,9.204332e+06,716765.0
94547,6043217,6.2331465e+06,189929.5
94548,132595,148831.77,16236.765625
94549,14842699,1.0474379e+07,4368320.0
94550,13616361,1.1552623e+07,2063738.0
94551,8403066,7.970758e+06,432308.0
94552,6324275,6.318018e+06,6257.0
94553,13122368,1.2572512e+07,549856.0
94555,6522333,6.7665355e+06,244202.5
94556,6750122,6.783826e+06,33704.0
94557,133,-492.37198,625.3719787597656
94558,62124138,6.07691e+07,1355038.0
94559,5825614,5.5821415e+06,243472.5
94560,8743753,8.394149e+06,349604.0
94561,9774486,9.675914e+06,98572.0
94562,74267,74430.98,163.9765625
94563,13470262,1.0192345e+07,3277917.0
94564,4865781,4.955415e+06,89634.0
94565,32723682,4.134993e+07,8626246.0
94566,13935795,1.3551086e+07,384709.0
94567,495285,709238.06,213953.0625
94568,13900054,1.3845196e+07,54858.0
94569,83560,53955.83,29604.171875
94571,3021190,2.9304875e+06,90702.5
94572,1802009,1.9288015e+06,126792.5
94573,121683,112181.72,9501.28125
94574,10849252,8.909085e+06,1940167.0
94575,286,1681.1982,1395.1982421875
94576,130881,152447.73,21566.734375
94577,8534177,8.284174e+06,250003.0
94578,5091708,4.895749e+06,195959.0
94579,4076565,3.9471735e+06,129391.5
94580,5302927,5.231554e+06,71373.0
94581,491,2120.1367,1629.13671875
94582,11266061,1.1059718e+07,206343.0
94583,10618327,1.0029453e+07,588874.0
94585,5742192,5.6548265e+06,87365.5
94586,615701,695370.4,79669.375
94587,12132695,1.3029886e+07,897191.0
94588,8043467,7.961643e+06,81824.0
94589,5145041,5.172641e+06,27600.0
94590,5883728,6.37579e+06,492062.0
94591,12432459,1.377729e+07,1344831.0
94592,259185,226798.3,32386.703125
94595,5385052,5.235706e+06,149346.0
94596,5438863,4.9156735e+06,523189.5
94597,4545088,4.0536748e+06,491413.25
94598,8187002,7.3634675e+06,823534.5
94599,863674,798064.2,65609.8125
94601,5933446,6.41676e+06,483314.0
94602,9659344,8.241231e+06,1418113.0
94603,4486261,4.5727525e+06,86491.5
94605,12298622,1.181411e+07,484512.0
94606,4141817,4.6040515e+06,462234.5
94607,3081544,3.3010742e+06,219530.25
94608,5455095,5.6957575e+06,240662.5
94609,4489962,4.674058e+06,184096.0
94610,8126739,7.77354e+06,353199.0
94611,22110084,2.1803844e+07,306240.0
94612,1137258,1.3437705e+06,206512.5
94613,1070,-3797.4204,4867.42041015625
94614,1109,5151.8945,4042.89453125
94615,1545,7779.802,6234.8017578125
94618,7648904,6.606799e+06,1042105.0
94619,8564689,7.851911e+06,712778.0
94621,3883210,3.8754242e+06,7785.75
94701,325,2361.68,2036.679931640625
94702,4194648,4.062867e+06,131781.0
94703,4465045,4.60595e+06,140905.0
94704,1604783,1.4524232e+06,152359.75
94705,7249751,6.88004e+06,369711.0
94706,4113007,4.0874712e+06,25535.75
94707,6803291,6.6575225e+06,145768.5
94708,7365925,6.92799e+06,437935.0
94709,1812706,1.8879624e+06,75256.375
94710,1305471,1.2661158e+06,39355.25
94720,4871,-7743.814,12614.81396484375
94801,3931174,4.001987e+06,70813.0
94802,130,2152.7012,2022.701171875
94803,7555326,7.2738375e+06,281488.5
94804,7067745,7.340412e+06,272667.0
94805,3712178,3.6920782e+06,20099.75
94806,8891236,8.73638e+06,154856.0
94901,11058392,9.6734e+06,1384992.0
94903,8580990,7.9854705e+06,595519.5
94904,5943626,5.631149e+06,312477.0
94912,0,155.69292,155.6929168701172
94914,9952,17601.988,7649.98828125
94920,7574824,6.5861555e+06,988668.5
94922,123359,179669.78,56310.78125
94923,1185133,1.1875268e+06,2393.75
94924,738375,702290.7,36084.3125
94925,3381754,3.5011132e+06,119359.25
94928,8052193,7.652141e+06,400052.0
94929,311097,329152.9,18055.90625
94930,3774799,3.8616778e+06,86878.75
94931,1943145,3.2582465e+06,1315101.5
94933,468987,492717.34,23730.34375
94937,1790087,1.4783848e+06,311702.25
94938,441312,451086.97,9774.96875
94939,2789473,2.7576492e+06,31823.75
94940,119912,121651.84,1739.84375
94941,15595376,1.3836936e+07,1758440.0
94942,1337,5956.738,4619.73779296875
94945,5558328,5.431157e+06,127171.0
94946,574015,612288.0,38273.0
94947,7235097,6.3511055e+06,883991.5
94949,4899098,4.7817835e+06,117314.5
94950,25324,-4339.2197,29663.2197265625
94951,1528267,1.2368611e+06,291405.875
94952,8710271,8.523939e+06,186332.0
94953,1784,-338.88614,2122.8861389160156
94954,9033464,1.1225507e+07,2192043.0
94956,617537,649445.5,31908.5
94957,2109840,2.0071826e+06,102657.375
94960,7079300,6.944286e+06,135014.0
94963,437314,408478.0,28836.0
94964,28452,31717.139,3265.138671875
94965,4289998,4.1529068e+06,137091.25
94966,313,5667.959,5354.958984375
94970,724153,684890.9,39262.125
94971,91305,84300.77,7004.2265625
94972,59642,64994.367,5352.3671875
94973,887095,935780.1,48685.125
94974,0,324.3519,324.3518981933594
94978,176,1541.9756,1365.9755859375
94979,331,1681.1982,1350.1982421875
95001,0,155.69292,155.6929168701172
95002,253283,328588.3,75305.3125
95003,10638566,9.552763e+06,1085803.0
95004,1500837,1.3689391e+06,131897.875
95005,2799976,3.131504e+06,331528.0
95006,12645870,1.1785486e+07,860384.0
95007,350196,442367.8,92171.8125
95008,8504805,8.996114e+06,491309.0
95010,2366209,2.5006705e+06,134461.5
95011,144,-88.52732,232.5273208618164
95012,1258596,1.1648368e+06,93759.25
95013,15892,30153.895,14261.89453125
95014,12733748,1.1877506e+07,856242.0
95015,0,878.7211,878.7211303710938
95016,187,2941.291,2754.291015625
95017,221901,415607.25,193706.25
95018,3391706,3.4352418e+06,43535.75
95019,669176,747549.4,78373.375
95020,13864717,1.2855185e+07,1009532.0
95021,166,1681.1982,1515.1982421875
95023,11393807,1.6235303e+07,4841496.0
95024,1163,8860.219,7697.21875
95026,60,863.4972,803.4971923828125
95030,8154742,7.892506e+06,262236.0
95031,2527,-1544.3655,4071.365478515625
95032,9087171,7.915555e+06,1171616.0
95033,7007488,7.1794635e+06,171975.5
95035,10480373,1.0005578e+07,474795.0
95037,14201630,1.3482647e+07,718983.0
95039,219624,212410.55,7213.453125
95041,209196,223137.23,13941.234375
95043,245554,252309.62,6755.625
95045,1351666,1.2239232e+06,127742.75
95046,1813008,1.8600321e+06,47024.125
95050,5240330,5.4634895e+06,223159.5
95051,8526455,8.441439e+06,85016.0
95053,2305,3798.3713,1493.371337890625
95054,2625162,2.8521238e+06,226961.75
95055,0,878.7211,878.7211303710938
95060,12004708,1.2105664e+07,100956.0
95061,1950,155.69292,1794.3070831298828
95062,8561690,8.077275e+06,484415.0
95063,525,7018.1533,6493.1533203125
95064,109506,131647.62,22141.625
95065,2903094,3.084268e+06,181174.0
95066,6204298,6.1833325e+06,20965.5
95067,0,3165.5874,3165.58740234375
95070,14383193,1.3331454e+07,1051739.0
95073,4182151,3.9803412e+06,201809.75
95075,186344,152955.19,33388.8125
95076,15214350,1.638198e+07,1167630.0
95077,82,1681.1982,1599.1982421875
95110,2017519,2.2192472e+06,201728.25
95111,6131011,6.914871e+06,783860.0
95112,5560498,5.7044455e+06,143947.5
95113,146747,234704.02,87957.015625
95115,0,115.15277,115.15277099609375
95116,4009773,4.4679565e+06,458183.5
95117,3301123,3.5056388e+06,204515.75
95118,6315013,6.602831e+06,287818.0
95119,2279687,2.450326e+06,170639.0
95120,13346858,1.151901e+07,1827848.0
95121,5566178,5.819118e+06,252940.0
95122,4588597,4.735799e+06,147202.0
95123,11896164,1.0873069e+07,1023095.0
95124,11295024,1.0953217e+07,341807.0
95125,12587418,1.2081244e+07,506174.0
95126,4650768,4.7663565e+06,115588.5
95127,9385280,9.661461e+06,276181.0
95128,5178626,5.1175025e+06,61123.5
95129,6708416,7.3382705e+06,629854.5
95130,2556669,2.781703e+06,225034.0
95131,4101148,4.0874645e+06,13683.5
95132,7117602,7.4879035e+06,370301.5
95133,3463267,3.6371742e+06,173907.25
95134,1247717,1.4026072e+06,154890.25
95135,5014662,5.0637915e+06,49129.5
95136,7140317,7.2600915e+06,119774.5
95138,5431233,5.5780535e+06,146820.5
95139,1442096,1.2966402e+06,145455.75
95140,247383,265982.22,18599.21875
95141,36704,15190.125,21513.875
95148,8602409,8.746542e+06,144133.0
95150,0,905.49164,905.4916381835938
95152,0,878.7211,878.7211303710938
95153,887,7719.9854,6832.9853515625
95164,54,-2081.882,2135.882080078125
95192,0,735.8784,735.87841796875
95201,76,1648.634,1572.634033203125
95202,387212,400459.72,13247.71875
95203,2152704,2.4441908e+06,291486.75
95204,5730889,6.1231225e+06,392233.5
95205,3918270,4.1271222e+06,208852.25
95206,8373813,8.413075e+06,39262.0
95207,6413836,7.096312e+06,682476.0
95209,8528879,8.779267e+06,250388.0
95210,4756320,4.901182e+06,144862.0
95211,696,-626.90405,1322.904052734375
95212,5342145,5.905454e+06,563309.0
95213,583,6082.0874,5499.08740234375
95215,2980999,3.0070842e+06,26085.25
95219,6246095,7.0747105e+06,828615.5
95220,1668399,1.8432421e+06,174843.125
95221,16391,-26189.654,42580.654296875
95222,2818202,2.777078e+06,41124.0
95223,11806012,1.1746125e+07,59887.0
95224,307274,286485.34,20788.65625
95225,336661,328472.7,8188.3125
95226,48232,33834.164,14397.8359375
95227,209146,249223.03,40077.03125
95228,3288200,3.430113e+06,141913.0
95229,53098,54250.04,1152.0390625
95230,81888,-17741.47,99629.470703125
95231,396192,381257.75,14934.25
95232,188560,194574.19,6014.1875
95233,393493,350519.72,42973.28125
95234,2990,4937.832,1947.83203125
95236,840180,805874.3,34305.6875
95237,714394,688569.6,25824.375
95240,6911877,7.1987805e+06,286903.5
95241,202,-552.5696,754.569580078125
95242,6135473,6.1333565e+06,2116.5
95245,1214998,1.131835e+06,83163.0
95246,1099768,1.03931306e+06,60454.9375
95247,3830706,3.5135245e+06,317181.5
95248,268824,275817.06,6993.0625
95249,1440863,1.318603e+06,122260.0
95250,0,1192.842,1192.842041015625
95251,439302,364875.25,74426.75
95252,6180966,5.932887e+06,248079.0
95253,25673,21636.37,4036.630859375
95254,373910,280366.72,93543.28125
95255,1405688,1.3327982e+06,72889.75
95257,453315,471950.75,18635.75
95258,926818,1.02111775e+06,94299.75
95269,185,-552.5696,737.569580078125
95296,1010,5981.3125,4971.3125
95300,19,1212.2745,1193.2745361328125
95301,4962786,4.9742815e+06,11495.5
95303,59158,53985.758,5172.2421875
95304,2879087,3.1968922e+06,317805.25
95305,73889,55026.65,18862.3515625
95306,514170,518856.78,4686.78125
95307,5751414,6.136576e+06,385162.0
95309,72829,56894.113,15934.88671875
95310,1074603,1.01113394e+06,63469.0625
95311,1281828,1.1263625e+06,155465.5
95312,14761,11044.674,3716.326171875
95313,119295,118583.37,711.6328125
95314,2842,6454.537,3612.537109375
95315,1542953,1.7658172e+06,222864.25
95316,1093943,1.1734485e+06,79505.5
95317,23315,15959.956,7355.0439453125
95318,142568,164941.64,22373.640625
95319,185132,186614.8,1482.796875
95320,2182925,2.4308108e+06,247885.75
95321,16415061,1.1968247e+07,4446814.0
95322,1325488,1.2297978e+06,95690.25
95323,138221,107706.664,30514.3359375
95324,892050,888777.1,3272.875
95325,31305,18738.04,12566.9609375
95326,1575244,1.7915978e+06,216353.75
95327,2293466,2.2122385e+06,81227.5
95328,536398,640723.8,104325.8125
95329,1285508,1.2632905e+06,22217.5
95330,4731524,4.6982775e+06,33246.5
95333,309592,312466.6,2874.59375
95334,1805150,1.8281449e+06,22994.875
95335,1463983,1.4006274e+06,63355.625
95336,8265926,8.1603705e+06,105555.5
95337,7342968,7.5489965e+06,206028.5
95338,6520665,9.273526e+06,2752861.0
95340,5564908,5.910722e+06,345814.0
95341,2709922,2.651724e+06,58198.0
95343,0,-1413.527,1413.5269775390625
95345,444948,433393.66,11554.34375
95346,1693779,1.5856768e+06,108102.25
95347,10634,-9239.2705,19873.2705078125
95348,4177293,4.4655915e+06,288298.5
95350,8631415,8.899152e+06,267737.0
95351,4963334,5.2832e+06,319866.0
95353,0,-147.99063,147.99063110351562
95354,3823323,3.9501168e+06,126793.75
95355,11036342,1.1017312e+07,19030.0
95356,6473944,7.113974e+06,640030.0
95357,2009669,2.1835465e+06,173877.5
95358,3795126,3.8958412e+06,100715.25
95360,1928202,2.1117685e+06,183566.5
95361,6376442,7.118401e+06,741959.0
95363,4822024,5.158583e+06,336559.0
95364,636341,647356.75,11015.75
95365,481438,533703.25,52265.25
95366,3845490,3.8785582e+06,33068.25
95367,4191516,4.396385e+06,204869.0
95368,2494937,2.7073035e+06,212366.5
95369,136516,155853.36,19337.359375
95370,14988546,1.2844031e+07,2144515.0
95372,1005748,1.0611894e+06,55441.375
95374,169003,176156.36,7153.359375
95375,697167,710337.9,13170.875
95376,8970859,9.293994e+06,323135.0
95377,7159080,8.982921e+06,1823841.0
95379,1702084,1.469841e+06,232243.0
95380,4850237,4.918158e+06,67921.0
95381,29,-552.5696,581.569580078125
95382,6483128,7.0400445e+06,556916.5
95383,5291320,5.0193355e+06,271984.5
95385,26806,22545.902,4260.09765625
95386,1375313,1.2924874e+06,82825.625
95387,20934,13224.08,7709.919921875
95388,1338034,1.2603582e+06,77675.75
95389,1242132,1.2538542e+06,11722.25
95391,4725897,4.8044295e+06,78532.5
95401,6869569,6.985956e+06,116387.0
95402,0,810.12427,810.124267578125
95403,9190288,9.566813e+06,376525.0
95404,24856504,2.7276578e+07,2420074.0
95405,5599331,5.4656175e+06,133713.5
95406,1104,2508.5525,1404.552490234375
95407,5636668,5.8645535e+06,227885.5
95409,8989962,9.4739e+06,483938.0
95410,592694,614503.8,21809.8125
95412,149877,166902.69,17025.6875
95415,488149,448240.6,39908.40625
95416,7966,2022.6252,5943.374755859375
95417,84500,80473.086,4026.9140625
95418,2064,279.71866,1784.2813415527344
95419,250788,257099.05,6311.046875
95420,212829,236764.1,23935.09375
95421,1094947,994411.0,100536.0
95422,3889045,4.3804535e+06,491408.5
95423,3759912,5.06849e+06,1308578.0
95424,129670,121181.09,8488.90625
95425,10826961,1.0177567e+07,649394.0
95426,1122536,1.1845591e+06,62023.125
95427,279430,304527.66,25097.65625
95428,555783,586080.06,30297.0625
95429,87797,79670.96,8126.0390625
95430,87241,95596.305,8355.3046875
95431,146,1980.9138,1834.913818359375
95432,270197,281486.7,11289.6875
95433,16272,-1053.988,17325.988037109375
95435,37086,32917.81,4168.19140625
95436,2210795,2.2575238e+06,46728.75
95437,4425997,4.19608e+06,229917.0
95439,165601,195441.67,29840.671875
95441,898243,856471.9,41771.125
95442,2046701,1.9251866e+06,121514.375
95443,141337,133603.81,7733.1875
95444,181873,197946.94,16073.9375
95445,1751662,1.820203e+06,68541.0
95446,2618777,2.9964952e+06,377718.25
95448,14188902,2.0551052e+07,6362150.0
95449,392442,395787.56,3345.5625
95450,484184,396381.44,87802.5625
95451,6854603,6.9982575e+06,143654.5
95452,1063836,835059.7,228776.3125
95453,3970875,6.704146e+06,2733271.0
95454,1100760,1.009062e+06,91698.0
95456,698523,735345.6,36822.625
95457,5395476,4.9545845e+06,440891.5
95458,1165594,1.1536022e+06,11991.75
95459,345156,345584.75,428.75
95460,1692014,1.7349342e+06,42920.25
95461,1631487,1.4134302e+06,218056.75
95462,832854,787075.5,45778.5
95463,113092,93400.9,19691.1015625
95464,789302,834898.4,45596.375
95465,922564,911175.94,11388.0625
95466,441768,342586.75,99181.25
95467,2816496,3.4749862e+06,658490.25
95468,480873,526128.2,45255.1875
95469,863241,854184.0,9057.0
95470,6200835,6.6314555e+06,430620.5
95471,125023,128482.25,3459.25
95472,9683658,8.967592e+06,716066.0
95473,1930,2154.3313,224.331298828125
95476,24891754,2.1996136e+07,2895618.0
95480,20627,28212.98,7585.98046875
95481,16489,14372.223,2116.77734375
95482,6670253,7.2655505e+06,595297.5
95485,891344,874849.8,16494.1875
95486,63419,52979.64,10439.359375
95487,1490,342.49423,1147.5057678222656
95488,150130,146391.88,3738.125
95490,5036088,4.5310545e+06,505033.5
95492,7302099,7.369938e+06,67839.0
95493,100891,88891.39,11999.609375
95494,248943,253573.83,4630.828125
95497,2013783,1.9138829e+06,99900.125
95501,3781516,3.9060168e+06,124500.75
95502,434,155.69292,278.3070831298828
95503,5546537,5.3572105e+06,189326.5
95511,114930,115039.19,109.1875
95514,54675,54112.76,562.23828125
95518,0,155.69292,155.6929168701172
95519,4015377,3.962666e+06,52711.0
95521,3373779,3.2861368e+06,87642.25
95524,585003,653160.1,68157.125
95525,465129,529721.7,64592.6875
95526,277011,494145.12,217134.125
95527,265147,240001.06,25145.9375
95528,341316,405415.22,64099.21875
95531,4391981,4.0994932e+06,292487.75
95534,60,1681.1982,1621.1982421875
95536,756279,779594.2,23315.1875
95537,49446,41579.64,7866.359375
95538,1475,10580.615,9105.615234375
95540,2822384,3.007743e+06,185359.0
95542,2789642,2.3356518e+06,453990.25
95543,413809,429401.1,15592.09375
95545,88083,72001.266,16081.734375
95546,176815,212897.98,36082.984375
95547,313736,386485.78,72749.78125
95548,214056,227812.73,13756.734375
95549,420177,406179.34,13997.65625
95550,97506,86167.25,11338.75
95551,300202,377916.1,77714.09375
95552,196643,254802.47,58159.46875
95553,313892,345769.94,31877.9375
95554,220341,261038.5,40697.5
95555,83962,82843.87,1118.1328125
95556,140216,181253.95,41037.953125
95558,186679,180491.8,6187.203125
95559,63298,70083.19,6785.1875
95560,603996,663087.5,59091.5
95562,689188,797768.7,108580.6875
95563,452896,421088.66,31807.34375
95564,40526,48753.26,8227.26171875
95565,128565,162732.86,34167.859375
95567,526598,606601.5,80003.5
95568,38423,32624.008,5798.9921875
95569,69525,73404.86,3879.859375
95570,988541,974028.4,14512.625
95571,66718,69675.02,2957.0234375
95573,807301,895358.44,88057.4375
95585,95869,102392.43,6523.4296875
95587,111384,122638.39,11254.390625
95589,845306,852010.1,6704.125
95595,85312,83476.34,1835.65625
95601,158276,163122.1,4846.09375
95602,10927877,1.1396393e+07,468516.0
95603,10638482,1.1104365e+07,465883.0
95604,445,591.3356,146.3355712890625
95605,1626015,1.8248575e+06,198842.5
95606,49127,53812.703,4685.703125
95607,62866,74532.94,11666.9375
95608,11983055,1.3778012e+07,1794957.0
95610,6979701,7.377536e+06,397835.0
95611,307,327.20908,20.209075927734375
95612,204091,236991.94,32900.9375
95613,183075,162982.47,20092.53125
95614,2749169,2.8385145e+06,89345.5
95615,89885,88494.44,1390.5625
95616,6469044,6.730027e+06,260983.0
95617,0,615.57733,615.5773315429688
95618,5146264,4.962356e+06,183908.0
95619,1683341,1.46217e+06,221171.0
95620,3892576,3.856156e+06,36420.0
95621,7260735,7.3938615e+06,133126.5
95623,2559555,2.466237e+06,93318.0
95624,14013470,1.2521376e+07,1492094.0
95625,46952,32130.686,14821.314453125
95626,1130859,1.1533436e+06,22484.625
95627,593741,701877.3,108136.3125
95628,10281573,9.537111e+06,744462.0
95629,971122,882797.1,88324.875
95630,17161468,2.387993e+07,6718462.0
95631,4945901,4.611434e+06,334467.0
95632,5742987,5.844463e+06,101476.0
95633,2353050,2.4427155e+06,89665.5
95634,2171899,2.0836979e+06,88201.125
95635,904153,980086.25,75933.25
95636,1295934,1.3736016e+06,77667.625
95637,115270,114193.06,1076.9375
95638,588510,645740.2,57230.1875
95639,42628,46314.74,3686.73828125
95640,2913804,2.9912415e+06,77437.5
95641,431197,456296.94,25099.9375
95642,3339953,3.336022e+06,3931.0
95644,6966,15443.875,8477.875
95645,195185,199437.0,4252.0
95646,651152,746124.0,94972.0
95648,27484388,3.4197332e+07,6712944.0
95650,5562388,5.3889735e+06,173414.5
95651,497633,500027.78,2394.78125
95652,8265,10392.737,2127.7373046875
95653,60765,59020.875,1744.125
95655,824801,797433.75,27367.25
95656,193898,254752.0,60854.0
95658,3189996,3.3642598e+06,174263.75
95659,158590,143012.34,15577.65625
95660,3869077,3.8788192e+06,9742.25
95661,6736578,7.1870745e+06,450496.5
95662,6919280,7.175429e+06,256149.0
95663,1119511,1.0863861e+06,33124.875
95664,1383388,1.207793e+06,175595.0
95665,3385332,3.200922e+06,184410.0
95666,5755420,5.493251e+06,262169.0
95667,23364506,2.1486302e+07,1878204.0
95668,143340,123857.8,19482.203125
95669,1154618,1.2392908e+06,84672.75
95670,8532401,8.3073655e+06,225035.5
95671,166,-5341.3853,5507.38525390625
95672,2907038,2.806565e+06,100473.0
95673,2640295,2.758061e+06,117766.0
95674,152633,144402.1,8230.90625
95675,181024,184056.06,3032.0625
95676,49242,38274.05,10967.94921875
95677,5655145,5.852023e+06,196878.0
95678,7409301,7.583844e+06,174543.0
95679,31646,26383.902,5262.09765625
95680,18429,8930.386,9498.6142578125
95681,277496,257529.28,19966.71875
95682,12482686,1.3680211e+07,1197525.0
95683,2550088,2.758545e+06,208457.0
95684,3110618,3.0165642e+06,94053.75
95685,2973681,2.947538e+06,26143.0
95686,142908,112624.59,30283.40625
95687,12438500,1.1845438e+07,593062.0
95688,20235416,2.5476296e+07,5240880.0
95689,1541945,1.2733026e+06,268642.375
95690,353759,388514.75,34755.75
95691,6992963,7.3799995e+06,387036.5
95692,901163,901956.25,793.25
95693,2621995,2.8273012e+06,205306.25
95694,2039078,2.02992e+06,9158.0
95695,6244607,6.795471e+06,550864.0
95696,0,998.2155,998.2155151367188
95697,51788,43985.523,7802.4765625
95698,55734,60445.36,4711.359375
95699,72162,42615.65,29546.3515625
95701,989915,940103.5,49811.5
95703,1151968,1.0069575e+06,145010.5
95709,3515531,3.513994e+06,1537.0
95712,18739,12405.635,6333.365234375
95713,6306350,5.7810755e+06,525274.5
95714,370667,376241.72,5574.71875
95715,314641,254782.7,59858.296875
95716,0,1050.9539,1050.953857421875
95717,191023,203775.44,12752.4375
95720,643893,782762.5,138869.5
95721,318961,283727.6,35233.40625
95722,4639672,4.388772e+06,250900.0
95724,401002,483900.47,82898.46875
95726,7880342,7.8505265e+06,29815.5
95728,2020487,1.7483236e+06,272163.375
95730,1139,1614.031,475.031005859375
95735,751006,712426.1,38579.875
95736,224197,239100.45,14903.453125
95742,3246711,3.2558438e+06,9132.75
95746,9986165,9.578135e+06,408030.0
95747,16780681,3.588209e+07,19101407.0
95757,10325568,8.9959e+06,1329668.0
95758,12594877,1.2976682e+07,381805.0
95762,19273053,2.1868682e+07,2595629.0
95763,245,615.57733,370.57733154296875
95765,8281537,7.810044e+06,471493.0
95776,4108094,3.947807e+06,160287.0
95811,762047,789699.0,27652.0
95812,0,1648.634,1648.634033203125
95814,660786,731834.44,71048.4375
95815,2640626,2.801879e+06,161253.0
95816,3169240,3.2500642e+06,80824.25
95817,2391074,2.70136e+06,310286.0
95818,4951619,4.930451e+06,21168.0
95819,4913567,4.995312e+06,81745.0
95820,5581161,6.0384975e+06,457336.5
95821,5219100,5.204405e+06,14695.0
95822,7666572,8.1597445e+06,493172.5
95823,8695798,8.745868e+06,50070.0
95824,2795574,2.9938312e+06,198257.25
95825,2849799,2.9994272e+06,149628.25
95826,6262092,6.601655e+06,339563.0
95827,3020519,3.1584552e+06,137936.25
95828,8475877,8.3721105e+06,103766.5
95829,5759308,5.9750635e+06,215755.5
95830,230903,207456.48,23446.515625
95831,9819238,9.505411e+06,313827.0
95832,1358842,1.3187745e+06,40067.5
95833,5110441,5.2534985e+06,143057.5
95834,4436753,4.577002e+06,140249.0
95835,7845689,7.9495895e+06,103900.5
95836,840,-512.713,1352.7130126953125
95837,108044,152367.67,44323.671875
95838,4410592,4.606046e+06,195454.0
95841,2416730,2.6733402e+06,256610.25
95842,4033799,3.9179755e+06,115823.5
95843,7112337,7.3426375e+06,230300.5
95864,7124351,7.1196575e+06,4693.5
95866,-1,615.57733,616.5773315429688
95901,34778082,4.9239204e+07,14461122.0
95903,14634,59201.336,44567.3359375
95910,39675,17368.98,22306.01953125
95912,716222,696624.1,19597.875
95913,65888,63183.332,2704.66796875
95914,335197,330831.56,4365.4375
95915,10760,10791.794,31.7939453125
95916,634408,1.1484818e+06,514073.75
95917,638339,676640.9,38301.875
95918,1326816,2.1308022e+06,803986.25
95919,1262542,1.2469764e+06,15565.625
95920,39012,25615.602,13396.3984375
95922,408502,368791.25,39710.75
95923,340998,296257.72,44740.28125
95924,20731,10279.767,10451.2333984375
95925,162660,178995.97,16335.96875
95926,6838804,7.181752e+06,342948.0
95927,106,10231.646,10125.646484375
95928,7784281,7.276087e+06,508194.0
95929,258,16787.742,16529.7421875
95930,242829,243500.47,671.46875
95932,1144776,1.2445206e+06,99744.625
95934,169697,174032.75,4335.75
95935,469847,490145.44,20298.4375
95936,332279,297495.6,34783.40625
95937,267648,284811.4,17163.40625
95938,1037692,1.02991094e+06,7781.0625
95939,84640,81382.59,3257.40625
95940,12734,-3593.971,16327.970947265625
95941,259491,266517.06,7026.0625
95942,1702465,1.4681786e+06,234286.375
95943,45159,56065.477,10906.4765625
95944,26981,22733.475,4247.525390625
95945,12904694,1.1966273e+07,938421.0
95946,6908406,7.1884785e+06,280072.5
95947,1258284,1.2397312e+06,18552.75
95948,1877185,1.7983141e+06,78870.875
95949,15341616,1.5995824e+07,654208.0
95950,36735,31065.322,5669.677734375
95951,343181,319240.22,23940.78125
95953,1619492,1.7670398e+06,147547.75
95954,5052426,1.1414083e+07,6361657.0
95955,166311,136834.45,29476.546875
95956,427761,344859.78,82901.21875
95957,106816,119665.055,12849.0546875
95958,16792,6976.1377,9815.8623046875
95959,15301011,1.5419095e+07,118084.0
95960,476207,420532.97,55674.03125
95961,13181895,1.4972082e+07,1790187.0
95962,788174,765974.06,22199.9375
95963,2598467,2.7567812e+06,158314.25
95965,4429157,9.180038e+06,4750881.0
95966,11089456,2.2921782e+07,11832326.0
95967,243,11532.333,11289.3330078125
95968,372429,336094.72,36334.28125
95969,4181773,4.5956265e+06,413853.5
95970,88658,89139.3,481.296875
95971,3029914,2.9171862e+06,112727.75
95972,74949,61766.73,13182.26953125
95973,8665513,8.378336e+06,287177.0
95974,71952,44405.387,27546.61328125
95975,1206859,1.180325e+06,26534.0
95977,2114050,1.6981388e+06,415911.25
95978,114394,167701.33,53307.328125
95979,260752,342645.2,81893.1875
95981,533527,445639.7,87887.3125
95982,634455,634770.0,315.0
95983,388875,348233.94,40641.0625
95984,118804,123527.7,4723.703125
95986,113191,100635.02,12555.9765625
95987,848489,1.0638971e+06,215408.125
95988,1417744,2.4386385e+06,1020894.5
95991,5891147,6.1143385e+06,223191.5
95992,396,5659.8125,5263.8125
95993,6886675,7.2788695e+06,392194.5
96001,21642886,2.0963238e+07,679648.0
96002,8094615,7.3779225e+06,716692.5
96003,14637019,1.4794629e+07,157610.0
96006,178970,175823.06,3146.9375
96007,18375702,2.3960854e+07,5585152.0
96008,785599,766874.6,18724.375
96009,113298,146515.11,33217.109375
96010,113985,84671.26,29313.7421875
96011,45745,50303.133,4558.1328125
96013,1403956,1.1414056e+06,262550.375
96014,80222,26886.912,53335.087890625
96015,133678,151077.44,17399.4375
96016,299376,299995.5,619.5
96017,165996,179841.22,13845.21875
96019,3080391,3.568399e+06,488008.0
96020,2484225,2.3577858e+06,126439.25
96021,2586777,2.77227e+06,185493.0
96022,6022974,6.732279e+06,709305.0
96023,480556,487685.06,7129.0625
96024,730368,635915.6,94452.375
96025,1099417,1.04403256e+06,55384.4375
96027,847114,794224.1,52889.875
96028,646856,645864.6,991.375
96029,26999,17335.729,9663.271484375
96031,50358,34636.97,15721.03125
96032,2033336,2.2841355e+06,250799.5
96033,163404,185420.95,22016.953125
96034,109592,131045.51,21453.5078125
96035,1124022,1.1932749e+06,69252.875
96037,135163,129906.484,5256.515625
96038,130727,123286.06,7440.9375
96039,513850,514028.06,178.0625
96040,154287,131559.27,22727.734375
96041,904152,874304.75,29847.25
96044,429717,410645.8,19071.1875
96046,152994,171462.7,18468.703125
96047,430890,795082.56,364192.5625
96048,446846,477850.28,31004.28125
96049,216,1648.634,1432.634033203125
96050,233167,242657.89,9490.890625
96051,2482888,2.2002848e+06,282603.25
96052,923882,923108.3,773.6875
96054,78923,45221.344,33701.65625
96055,833886,811860.6,22025.375
96056,529433,527917.44,1515.5625
96057,1006202,941638.6,64563.375
96058,138485,153732.27,15247.265625
96059,353311,361632.5,8321.5
96061,337634,353248.03,15614.03125
96062,663233,651092.2,12140.8125
96063,183870,191067.53,7197.53125
96064,2919082,4.6439125e+06,1724830.5
96065,339080,499667.1,160587.09375
96067,3394177,3.4731055e+06,78928.5
96068,14014,13542.706,471.2939453125
96069,636353,695417.75,59064.75
96070,1517,5586.795,4069.794921875
96071,231144,256622.52,25478.515625
96073,2380371,2.365191e+06,15180.0
96074,39040,63355.703,24315.703125
96075,121679,189880.12,68201.125
96076,85919,119766.72,33847.71875
96078,21863,13910.067,7952.9326171875
96079,659,4195.2275,3536.2275390625
96080,14807778,1.3291149e+07,1516629.0
96084,241986,239449.06,2536.9375
96085,48174,47779.508,394.4921875
96086,185125,190200.03,5075.03125
96087,323639,338746.03,15107.03125
96088,3737404,3.5602758e+06,177128.25
96089,44452,28380.338,16071.662109375
96090,105685,112620.836,6935.8359375
96091,1067111,1.0921154e+06,25004.375
96092,70613,57401.895,13211.10546875
96093,1535133,1.1852668e+06,349866.25
96094,2649925,3.2957025e+06,645777.5
96096,627664,543244.56,84419.4375
96097,2822049,4.291225e+06,1469176.0
96099,1369,-3667.8909,5036.890869140625
96101,2491206,2.6134035e+06,122197.5
96103,2482013,2.2115225e+06,270490.5
96104,146073,120363.09,25709.90625
96105,289578,415922.44,126344.4375
96106,835460,817706.4,17753.625
96107,254179,340449.94,86270.9375
96108,71512,53614.723,17897.27734375
96109,356062,672487.3,316425.3125
96110,38183,30819.422,7363.578125
96111,204882,204899.2,17.203125
96112,41222,25533.314,15688.685546875
96113,194459,210808.66,16349.65625
96114,1763932,1.5144631e+06,249468.875
96115,42943,35332.16,7610.83984375
96116,45031,50081.008,5050.0078125
96117,108027,85130.61,22896.390625
96118,651910,683597.6,31687.625
96119,19510,9338.546,10171.4541015625
96120,1894240,1.6172235e+06,277016.5
96121,200434,220016.3,19582.296875
96122,2150955,1.8681926e+06,282762.375
96123,30434,25225.82,5208.1796875
96124,325266,337351.53,12085.53125
96125,602461,590914.56,11546.4375
96126,268456,292407.12,23951.125
96127,1056,13195.923,12139.9228515625
96128,156216,129883.76,26332.2421875
96129,123758,141621.52,17863.515625
96130,15043068,1.9710142e+07,4667074.0
96132,6297,17368.186,11071.185546875
96133,57003,47805.938,9197.0625
96134,296403,442261.2,145858.1875
96135,30983,43889.195,12906.1953125
96136,19848,-19395.604,39243.603515625
96137,4979681,4.7878145e+06,191866.5
96140,3198021,3.1083192e+06,89701.75
96141,2427512,2.2127085e+06,214803.5
96142,3093548,3.0133388e+06,80209.25
96143,2613465,2.3730215e+06,240443.5
96145,7901370,8.217259e+06,315889.0
96146,3676645,3.296758e+06,379887.0
96148,1621835,1.2970938e+06,324741.25
96150,23960306,2.2972604e+07,987702.0
96151,77529,73661.16,3867.84375
96152,0,1368.7323,1368.7322998046875
96155,27133,51995.863,24862.86328125
96156,2908,1738.553,1169.447021484375
96158,18221,14064.223,4156.77734375
96160,17070,27672.31,10602.310546875
96161,30311820,3.0737e+07,425180.0
96162,124470,112925.05,11544.953125
